"full_name","ssphp_organisation","ssphp_repo"
"DFE-Digital/-conversions-design-history","DFE-Digital","-conversions-design-history"
"DFE-Digital/.github","DFE-Digital",".github"
"DFE-Digital/API-SIP-SharePointOnline","DFE-Digital","API-SIP-SharePointOnline"
"DFE-Digital/C4-PlantUML","DFE-Digital","C4-PlantUML"
"DFE-Digital/DfE_data_tables_excel_parser","DFE-Digital","DfE_data_tables_excel_parser"
"DFE-Digital/Dfe.Academies.External","DFE-Digital","Dfe.Academies.External"
"DFE-Digital/Enterprise-Security-Architecture","DFE-Digital","Enterprise-Security-Architecture"
"DFE-Digital/GHWCT_2","DFE-Digital","GHWCT_2"
"DFE-Digital/GITISContent","DFE-Digital",GITISContent
"DFE-Digital/GitHubDash","DFE-Digital",GitHubDash
"DFE-Digital/GovUkWizard","DFE-Digital",GovUkWizard
"DFE-Digital/MTC","DFE-Digital",MTC
"DFE-Digital/MYESF_Cookies_Privacy","DFE-Digital","MYESF_Cookies_Privacy"
"DFE-Digital/NPQ-Alpha-Prototype","DFE-Digital","NPQ-Alpha-Prototype"
"DFE-Digital/NSA-Alpha-AzureFunction-Sample","DFE-Digital","NSA-Alpha-AzureFunction-Sample"
"DFE-Digital/NSA-Alpha-DotNetCore-Sample","DFE-Digital","NSA-Alpha-DotNetCore-Sample"
"DFE-Digital/Objective-template","DFE-Digital","Objective-template"
"DFE-Digital/SATOSA","DFE-Digital",SATOSA
"DFE-Digital/SDD-Academy-Transfers","DFE-Digital","SDD-Academy-Transfers"
"DFE-Digital/SDD-IxD-Clan","DFE-Digital","SDD-IxD-Clan"
"DFE-Digital/TRAMS-alpha","DFE-Digital","TRAMS-alpha"
"DFE-Digital/Teaching-School-Hub-Finder","DFE-Digital","Teaching-School-Hub-Finder"
"DFE-Digital/a2b-external","DFE-Digital","a2b-external"
"DFE-Digital/a2b-prototype","DFE-Digital","a2b-prototype"
"DFE-Digital/academies-academisation-api","DFE-Digital","academies-academisation-api"
"DFE-Digital/academies-api","DFE-Digital","academies-api"
"DFE-Digital/academisation-nuget-packages","DFE-Digital","academisation-nuget-packages"
"DFE-Digital/academy-transfers-frontend","DFE-Digital","academy-transfers-frontend"
"DFE-Digital/academy-transfers-technical-documentation","DFE-Digital","academy-transfers-technical-documentation"
"DFE-Digital/access-your-teaching-profile","DFE-Digital","access-your-teaching-profile"
"DFE-Digital/access-your-teaching-qualifications","DFE-Digital","access-your-teaching-qualifications"
"DFE-Digital/accessibility","DFE-Digital",accessibility
"DFE-Digital/accessibility-scanner","DFE-Digital","accessibility-scanner"
"DFE-Digital/addict","DFE-Digital",addict
"DFE-Digital/amsd-casework","DFE-Digital","amsd-casework"
"DFE-Digital/analytics-preparation","DFE-Digital","analytics-preparation"
"DFE-Digital/api-example-csharp-client","DFE-Digital","api-example-csharp-client"
"DFE-Digital/api-example-java-client","DFE-Digital","api-example-java-client"
"DFE-Digital/api-example-nodejs-client","DFE-Digital","api-example-nodejs-client"
"DFE-Digital/apply-for-qts-prototype","DFE-Digital","apply-for-qts-prototype"
"DFE-Digital/apply-for-qualified-teacher-status","DFE-Digital","apply-for-qualified-teacher-status"
"DFE-Digital/apply-for-qualified-teacher-status-dataform","DFE-Digital","apply-for-qualified-teacher-status-dataform"
"DFE-Digital/apply-for-teacher-training","DFE-Digital","apply-for-teacher-training"
"DFE-Digital/apply-for-teacher-training-prototype","DFE-Digital","apply-for-teacher-training-prototype"
"DFE-Digital/apply-for-teacher-training-statistics","DFE-Digital","apply-for-teacher-training-statistics"
"DFE-Digital/apply-ops-dashboard","DFE-Digital","apply-ops-dashboard"
"DFE-Digital/apply-service-standard-in-dfe","DFE-Digital","apply-service-standard-in-dfe"
"DFE-Digital/apply-the-service-standard-in-dfe","DFE-Digital","apply-the-service-standard-in-dfe"
"DFE-Digital/architecture","DFE-Digital",architecture
"DFE-Digital/assure-prototype-2","DFE-Digital","assure-prototype-2"
"DFE-Digital/at-design-history","DFE-Digital","at-design-history"
"DFE-Digital/audited","DFE-Digital",audited
"DFE-Digital/authservices","DFE-Digital",authservices
"DFE-Digital/azure-hello-rails","DFE-Digital","azure-hello-rails"
"DFE-Digital/bat-data-maps","DFE-Digital","bat-data-maps"
"DFE-Digital/bat-design-history","DFE-Digital","bat-design-history"
"DFE-Digital/bat-infrastructure","DFE-Digital","bat-infrastructure"
"DFE-Digital/bat-ops-dashboard","DFE-Digital","bat-ops-dashboard"
"DFE-Digital/bat-platform-building-blocks","DFE-Digital","bat-platform-building-blocks"
"DFE-Digital/buy-digital-technology-for-childrens-social-care","DFE-Digital","buy-digital-technology-for-childrens-social-care"
"DFE-Digital/buy-for-your-school","DFE-Digital","buy-for-your-school"
"DFE-Digital/buying-for-schools","DFE-Digital","buying-for-schools"
"DFE-Digital/buying-for-schools-admin","DFE-Digital","buying-for-schools-admin"
"DFE-Digital/buying-for-schools-prototype","DFE-Digital","buying-for-schools-prototype"
"DFE-Digital/buying-for-schools-v2","DFE-Digital","buying-for-schools-v2"
"DFE-Digital/cdc-common","DFE-Digital","cdc-common"
"DFE-Digital/cdc-data","DFE-Digital","cdc-data"
"DFE-Digital/cdc-events","DFE-Digital","cdc-events"
"DFE-Digital/cdc-file-adapter","DFE-Digital","cdc-file-adapter"
"DFE-Digital/cf-monitoring","DFE-Digital","cf-monitoring"
"DFE-Digital/check-childrens-barred-list","DFE-Digital","check-childrens-barred-list"
"DFE-Digital/check-childrens-barred-list-prototype","DFE-Digital","check-childrens-barred-list-prototype"
"DFE-Digital/childrens-social-care-architecture","DFE-Digital","childrens-social-care-architecture"
"DFE-Digital/childrens-social-care-cpd","DFE-Digital","childrens-social-care-cpd"
"DFE-Digital/childrens-social-care-placement","DFE-Digital","childrens-social-care-placement"
"DFE-Digital/claim-additional-payments-for-teaching","DFE-Digital","claim-additional-payments-for-teaching"
"DFE-Digital/claim-additional-payments-for-teaching-infrastructure","DFE-Digital","claim-additional-payments-for-teaching-infrastructure"
"DFE-Digital/claim-design-system","DFE-Digital","claim-design-system"
"DFE-Digital/claim-interface-restructure","DFE-Digital","claim-interface-restructure"
"DFE-Digital/clamav-rest","DFE-Digital","clamav-rest"
"DFE-Digital/complete-conversions-transfers-and-changes-prototype","DFE-Digital","complete-conversions-transfers-and-changes-prototype"
"DFE-Digital/content-design-ddat-framework-prototype","DFE-Digital","content-design-ddat-framework-prototype"
"DFE-Digital/content-design-framework","DFE-Digital","content-design-framework"
"DFE-Digital/content-designer-training","DFE-Digital","content-designer-training"
"DFE-Digital/conversions-design-history","DFE-Digital","conversions-design-history"
"DFE-Digital/covid-content-external-link-checker","DFE-Digital","covid-content-external-link-checker"
"DFE-Digital/cpd-adr","DFE-Digital","cpd-adr"
"DFE-Digital/cpd-ecf-ucd-prototype","DFE-Digital","cpd-ecf-ucd-prototype"
"DFE-Digital/cpd-ecf-ucd-prototype-2","DFE-Digital","cpd-ecf-ucd-prototype-2"
"DFE-Digital/cpd-lpdob-prototype","DFE-Digital","cpd-lpdob-prototype"
"DFE-Digital/cpd-service-manual","DFE-Digital","cpd-service-manual"
"DFE-Digital/csc-placement-prototype","DFE-Digital","csc-placement-prototype"
"DFE-Digital/csc-swr-architecture","DFE-Digital","csc-swr-architecture"
"DFE-Digital/csc-swr-prototype","DFE-Digital","csc-swr-prototype"
"DFE-Digital/csc-swr-ur-prototype","DFE-Digital","csc-swr-ur-prototype"
"DFE-Digital/csc-tech-docs-publisher","DFE-Digital","csc-tech-docs-publisher"
"DFE-Digital/curriculum-materials-prototype","DFE-Digital","curriculum-materials-prototype"
"DFE-Digital/custom-err-msg","DFE-Digital","custom-err-msg"
"DFE-Digital/das-fjaa-prototype","DFE-Digital","das-fjaa-prototype"
"DFE-Digital/das-ufab-prototype","DFE-Digital","das-ufab-prototype"
"DFE-Digital/data-allowances-prototype","DFE-Digital","data-allowances-prototype"
"DFE-Digital/data-exchange-helpdesk-prototype","DFE-Digital","data-exchange-helpdesk-prototype"
"DFE-Digital/data-infrastructure-and-reporting","DFE-Digital","data-infrastructure-and-reporting"
"DFE-Digital/database-of-qualified-teachers","DFE-Digital","database-of-qualified-teachers"
"DFE-Digital/delivery-management","DFE-Digital","delivery-management"
"DFE-Digital/deprecated-login.dfe.saml-proxy","DFE-Digital","deprecated-login.dfe.saml-proxy"
"DFE-Digital/design","DFE-Digital",design
"DFE-Digital/design-histories-asset-repo","DFE-Digital","design-histories-asset-repo"
"DFE-Digital/design-histories-cms-strapi","DFE-Digital","design-histories-cms-strapi"
"DFE-Digital/design-histories-frontend","DFE-Digital","design-histories-frontend"
"DFE-Digital/design-history","DFE-Digital","design-history"
"DFE-Digital/design-history-cms","DFE-Digital","design-history-cms"
"DFE-Digital/design-manual-design-history","DFE-Digital","design-manual-design-history"
"DFE-Digital/dfe-academic-year-research","DFE-Digital","dfe-academic-year-research"
"DFE-Digital/dfe-analytics","DFE-Digital","dfe-analytics"
"DFE-Digital/dfe-analytics-dataform","DFE-Digital","dfe-analytics-dataform"
"DFE-Digital/dfe-analytics-dotnet","DFE-Digital","dfe-analytics-dotnet"
"DFE-Digital/dfe-apad","DFE-Digital","dfe-apad"
"DFE-Digital/dfe-autocomplete","DFE-Digital","dfe-autocomplete"
"DFE-Digital/dfe-complete-conversions-transfers-and-changes","DFE-Digital","dfe-complete-conversions-transfers-and-changes"
"DFE-Digital/dfe-covid-content-prototype","DFE-Digital","dfe-covid-content-prototype"
"DFE-Digital/dfe-cs-templates","DFE-Digital","dfe-cs-templates"
"DFE-Digital/dfe-data-provider-hub","DFE-Digital","dfe-data-provider-hub"
"DFE-Digital/dfe-design-documentation","DFE-Digital","dfe-design-documentation"
"DFE-Digital/dfe-design-histories-frontend","DFE-Digital","dfe-design-histories-frontend"
"DFE-Digital/dfe-digital.github.io","DFE-Digital","dfe-digital.github.io"
"DFE-Digital/dfe-gds-ui-components","DFE-Digital","dfe-gds-ui-components"
"DFE-Digital/dfe-glossary","DFE-Digital","dfe-glossary"
"DFE-Digital/dfe-identity-account-prototype","DFE-Digital","dfe-identity-account-prototype"
"DFE-Digital/dfe-info-sharing-prototype","DFE-Digital","dfe-info-sharing-prototype"
"DFE-Digital/dfe-job-descriptions","DFE-Digital","dfe-job-descriptions"
"DFE-Digital/dfe-mps-prototype","DFE-Digital","dfe-mps-prototype"
"DFE-Digital/dfe-reference-data","DFE-Digital","dfe-reference-data"
"DFE-Digital/dfe-standards-manual-prototype","DFE-Digital","dfe-standards-manual-prototype"
"DFE-Digital/dfe.ui.toolkit","DFE-Digital","dfe.ui.toolkit"
"DFE-Digital/digital-tools","DFE-Digital","digital-tools"
"DFE-Digital/eapim-b2cpolicies","DFE-Digital","eapim-b2cpolicies"
"DFE-Digital/eapim-backuprestore","DFE-Digital","eapim-backuprestore"
"DFE-Digital/eapim-developer-hub","DFE-Digital","eapim-developer-hub"
"DFE-Digital/eapim-developerhub-maintenance","DFE-Digital","eapim-developerhub-maintenance"
"DFE-Digital/eapim-infrastructure","DFE-Digital","eapim-infrastructure"
"DFE-Digital/eapim-platform-api","DFE-Digital","eapim-platform-api"
"DFE-Digital/early-career-framework","DFE-Digital","early-career-framework"
"DFE-Digital/early-career-framework-beta-prototype","DFE-Digital","early-career-framework-beta-prototype"
"DFE-Digital/early-career-framework-prototype","DFE-Digital","early-career-framework-prototype"
"DFE-Digital/early-career-framework-register-prototype","DFE-Digital","early-career-framework-register-prototype"
"DFE-Digital/early-careers-framework","DFE-Digital","early-careers-framework"
"DFE-Digital/early-careers-framework-gov-templates","DFE-Digital","early-careers-framework-gov-templates"
"DFE-Digital/early-years-foundation-recovery","DFE-Digital","early-years-foundation-recovery"
"DFE-Digital/early-years-foundation-recovery-UI-test","DFE-Digital","early-years-foundation-recovery-UI-test"
"DFE-Digital/early-years-foundation-reform","DFE-Digital","early-years-foundation-reform"
"DFE-Digital/ecf-bips-release","DFE-Digital","ecf-bips-release"
"DFE-Digital/ecf-bips-team","DFE-Digital","ecf-bips-team"
"DFE-Digital/ecf-dqt-api","DFE-Digital","ecf-dqt-api"
"DFE-Digital/ecf-engage-and-learn","DFE-Digital","ecf-engage-and-learn"
"DFE-Digital/ecf-engage-and-learn-prototype","DFE-Digital","ecf-engage-and-learn-prototype"
"DFE-Digital/ecf-engage-and-learn-redirector-production","DFE-Digital","ecf-engage-and-learn-redirector-production"
"DFE-Digital/ecf-gov-guidance","DFE-Digital","ecf-gov-guidance"
"DFE-Digital/ecf-govspeak","DFE-Digital","ecf-govspeak"
"DFE-Digital/ecf-spikes","DFE-Digital","ecf-spikes"
"DFE-Digital/ecf-wordpress-cf-configuration","DFE-Digital","ecf-wordpress-cf-configuration"
"DFE-Digital/ecf-wordpress-to-markdown","DFE-Digital","ecf-wordpress-to-markdown"
"DFE-Digital/edis-kafka-adapter","DFE-Digital","edis-kafka-adapter"
"DFE-Digital/edis-source-adapter-roatp","DFE-Digital","edis-source-adapter-roatp"
"DFE-Digital/edis-source-adapter-sld","DFE-Digital","edis-source-adapter-sld"
"DFE-Digital/edis-source-adapter-ukrlp","DFE-Digital","edis-source-adapter-ukrlp"
"DFE-Digital/eduk-prototype","DFE-Digital","eduk-prototype"
"DFE-Digital/example-prometheus-nodejs","DFE-Digital","example-prometheus-nodejs"
"DFE-Digital/ey-recovery-prototype","DFE-Digital","ey-recovery-prototype"
"DFE-Digital/ey-recovery-temp","DFE-Digital","ey-recovery-temp"
"DFE-Digital/ey-reform-prototype","DFE-Digital","ey-reform-prototype"
"DFE-Digital/eyfs_platform","DFE-Digital","eyfs_platform"
"DFE-Digital/fa-diary","DFE-Digital","fa-diary"
"DFE-Digital/fa-diary-api-spec","DFE-Digital","fa-diary-api-spec"
"DFE-Digital/fa-diary-home-study","DFE-Digital","fa-diary-home-study"
"DFE-Digital/fa-diary-review-prototype","DFE-Digital","fa-diary-review-prototype"
"DFE-Digital/fa-shortlisting-prototype","DFE-Digital","fa-shortlisting-prototype"
"DFE-Digital/fb-pdf-generator","DFE-Digital","fb-pdf-generator"
"DFE-Digital/fb-runner-node","DFE-Digital","fb-runner-node"
"DFE-Digital/fb-submitter","DFE-Digital","fb-submitter"
"DFE-Digital/fb-user-datastore","DFE-Digital","fb-user-datastore"
"DFE-Digital/fb-user-filestore","DFE-Digital","fb-user-filestore"
"DFE-Digital/fe-interventions-api","DFE-Digital","fe-interventions-api"
"DFE-Digital/fh-admin-service-testing","DFE-Digital","fh-admin-service-testing"
"DFE-Digital/fh-connect-families-support-testing","DFE-Digital","fh-connect-families-support-testing"
"DFE-Digital/fh-family-experience-data-import","DFE-Digital","fh-family-experience-data-import"
"DFE-Digital/fh-family-experience-prototype","DFE-Digital","fh-family-experience-prototype"
"DFE-Digital/fh-family-experience-testing","DFE-Digital","fh-family-experience-testing"
"DFE-Digital/fh-family-experience-web","DFE-Digital","fh-family-experience-web"
"DFE-Digital/fh-load-testing","DFE-Digital","fh-load-testing"
"DFE-Digital/fh-notification-api","DFE-Digital","fh-notification-api"
"DFE-Digital/fh-organisation-admin-ui","DFE-Digital","fh-organisation-admin-ui"
"DFE-Digital/fh-organisation-api","DFE-Digital","fh-organisation-api"
"DFE-Digital/fh-referral-api","DFE-Digital","fh-referral-api"
"DFE-Digital/fh-referral-dashboard-ui","DFE-Digital","fh-referral-dashboard-ui"
"DFE-Digital/fh-referral-shared","DFE-Digital","fh-referral-shared"
"DFE-Digital/fh-referral-ui","DFE-Digital","fh-referral-ui"
"DFE-Digital/fh-service-directory-admin-ui","DFE-Digital","fh-service-directory-admin-ui"
"DFE-Digital/fh-service-directory-api","DFE-Digital","fh-service-directory-api"
"DFE-Digital/fh-service-directory-shared","DFE-Digital","fh-service-directory-shared"
"DFE-Digital/fh-service-directory-ui","DFE-Digital","fh-service-directory-ui"
"DFE-Digital/fh-shared-kernel","DFE-Digital","fh-shared-kernel"
"DFE-Digital/fh-web-components","DFE-Digital","fh-web-components"
"DFE-Digital/find-a-lost-trn","DFE-Digital","find-a-lost-trn"
"DFE-Digital/find-a-lost-trn-prototype","DFE-Digital","find-a-lost-trn-prototype"
"DFE-Digital/find-a-tuition-partner","DFE-Digital","find-a-tuition-partner"
"DFE-Digital/find-information-about-academies-and-trusts","DFE-Digital","find-information-about-academies-and-trusts"
"DFE-Digital/find-pub-load-test","DFE-Digital","find-pub-load-test"
"DFE-Digital/find-teacher-training-hackday-prototype","DFE-Digital","find-teacher-training-hackday-prototype"
"DFE-Digital/find-teacher-training-prototype","DFE-Digital","find-teacher-training-prototype"
"DFE-Digital/first-contributions","DFE-Digital","first-contributions"
"DFE-Digital/first-contributions-1","DFE-Digital","first-contributions-1"
"DFE-Digital/free-schools-store-prototype","DFE-Digital","free-schools-store-prototype"
"DFE-Digital/free-schools-store-prototype-backend","DFE-Digital","free-schools-store-prototype-backend"
"DFE-Digital/full-text-indexing-strategies","DFE-Digital","full-text-indexing-strategies"
"DFE-Digital/func-applytobecome-processapplicationform","DFE-Digital","func-applytobecome-processapplicationform"
"DFE-Digital/func-sip-insertfinanciallinks","DFE-Digital","func-sip-insertfinanciallinks"
"DFE-Digital/gds-ghwt-prototype","DFE-Digital","gds-ghwt-prototype"
"DFE-Digital/general-hospital-schools-census-prototype","DFE-Digital","general-hospital-schools-census-prototype"
"DFE-Digital/get-an-identity","DFE-Digital","get-an-identity"
"DFE-Digital/get-an-identity-dataform","DFE-Digital","get-an-identity-dataform"
"DFE-Digital/get-help-to-retrain","DFE-Digital","get-help-to-retrain"
"DFE-Digital/get-help-to-retrain-devops","DFE-Digital","get-help-to-retrain-devops"
"DFE-Digital/get-help-to-retrain-ncs-job-profile-api","DFE-Digital","get-help-to-retrain-ncs-job-profile-api"
"DFE-Digital/get-help-to-retrain-prototype","DFE-Digital","get-help-to-retrain-prototype"
"DFE-Digital/get-help-to-retrain-smoke-tests","DFE-Digital","get-help-to-retrain-smoke-tests"
"DFE-Digital/get-help-with-remote-education","DFE-Digital","get-help-with-remote-education"
"DFE-Digital/get-help-with-remote-education-cms","DFE-Digital","get-help-with-remote-education-cms"
"DFE-Digital/get-help-with-tech","DFE-Digital","get-help-with-tech"
"DFE-Digital/get-help-with-tech-design-history","DFE-Digital","get-help-with-tech-design-history"
"DFE-Digital/get-help-with-tech-holding","DFE-Digital","get-help-with-tech-holding"
"DFE-Digital/get-help-with-tech-prototype","DFE-Digital","get-help-with-tech-prototype"
"DFE-Digital/get-information-about-schools","DFE-Digital","get-information-about-schools"
"DFE-Digital/get-into-teaching-api","DFE-Digital","get-into-teaching-api"
"DFE-Digital/get-into-teaching-api-csharp-client","DFE-Digital","get-into-teaching-api-csharp-client"
"DFE-Digital/get-into-teaching-api-ruby-client","DFE-Digital","get-into-teaching-api-ruby-client"
"DFE-Digital/get-into-teaching-app","DFE-Digital","get-into-teaching-app"
"DFE-Digital/get-into-teaching-contract-test-fixtures","DFE-Digital","get-into-teaching-contract-test-fixtures"
"DFE-Digital/get-into-teaching-crm-exports","DFE-Digital","get-into-teaching-crm-exports"
"DFE-Digital/get-into-teaching-design-history","DFE-Digital","get-into-teaching-design-history"
"DFE-Digital/get-into-teaching-legacy-site-export","DFE-Digital","get-into-teaching-legacy-site-export"
"DFE-Digital/get-into-teaching-paas-deploy","DFE-Digital","get-into-teaching-paas-deploy"
"DFE-Digital/get-into-teaching-prototype","DFE-Digital","get-into-teaching-prototype"
"DFE-Digital/get-into-teaching-publisher","DFE-Digital","get-into-teaching-publisher"
"DFE-Digital/get-into-teaching-ui","DFE-Digital","get-into-teaching-ui"
"DFE-Digital/get-into-teaching-wizard","DFE-Digital","get-into-teaching-wizard"
"DFE-Digital/get-school-experience-prototype","DFE-Digital","get-school-experience-prototype"
"DFE-Digital/get-teacher-training-adviser-service","DFE-Digital","get-teacher-training-adviser-service"
"DFE-Digital/ghbfs-cms-prototype","DFE-Digital","ghbfs-cms-prototype"
"DFE-Digital/ghbfs-design-history","DFE-Digital","ghbfs-design-history"
"DFE-Digital/ghbfs-external-prototype","DFE-Digital","ghbfs-external-prototype"
"DFE-Digital/ghbs-reporting-sync","DFE-Digital","ghbs-reporting-sync"
"DFE-Digital/ghtr-accessibility-vagrant-base","DFE-Digital","ghtr-accessibility-vagrant-base"
"DFE-Digital/gias-query-tool","DFE-Digital","gias-query-tool"
"DFE-Digital/git-apprentice-project","DFE-Digital","git-apprentice-project"
"DFE-Digital/github-actions","DFE-Digital","github-actions"
"DFE-Digital/github-basics-demo","DFE-Digital","github-basics-demo"
"DFE-Digital/github-basics-demo-practice","DFE-Digital","github-basics-demo-practice"
"DFE-Digital/govspeak-prototype-kit","DFE-Digital","govspeak-prototype-kit"
"DFE-Digital/govuk-components","DFE-Digital","govuk-components"
"DFE-Digital/govuk-dotnet-boilerplate","DFE-Digital","govuk-dotnet-boilerplate"
"DFE-Digital/govuk-filters","DFE-Digital","govuk-filters"
"DFE-Digital/govuk-formbuilder","DFE-Digital","govuk-formbuilder"
"DFE-Digital/govuk-frontend","DFE-Digital","govuk-frontend"
"DFE-Digital/govuk-frontend-aspnetcore","DFE-Digital","govuk-frontend-aspnetcore"
"DFE-Digital/govuk-ghwt-prototype","DFE-Digital","govuk-ghwt-prototype"
"DFE-Digital/govuk-jekyll-theme","DFE-Digital","govuk-jekyll-theme"
"DFE-Digital/govuk-markdown","DFE-Digital","govuk-markdown"
"DFE-Digital/govuk-wizardry","DFE-Digital","govuk-wizardry"
"DFE-Digital/govuk_elements_form_builder","DFE-Digital","govuk_elements_form_builder"
"DFE-Digital/govuk_feature_flags","DFE-Digital","govuk_feature_flags"
"DFE-Digital/home-learning-support-prototype","DFE-Digital","home-learning-support-prototype"
"DFE-Digital/html-attributes-utils","DFE-Digital","html-attributes-utils"
"DFE-Digital/hw-sinatra-saas-hangperson","DFE-Digital","hw-sinatra-saas-hangperson"
"DFE-Digital/improving-children-and-family-services-through-digital-technology","DFE-Digital","improving-children-and-family-services-through-digital-technology"
"DFE-Digital/international-teacher-relocation-payment","DFE-Digital","international-teacher-relocation-payment"
"DFE-Digital/ixd-standards","DFE-Digital","ixd-standards"
"DFE-Digital/json_api_client","DFE-Digital","json_api_client"
"DFE-Digital/jsonapi-rails","DFE-Digital","jsonapi-rails"
"DFE-Digital/keyvault-yaml-secret","DFE-Digital","keyvault-yaml-secret"
"DFE-Digital/local-authority-information-services","DFE-Digital","local-authority-information-services"
"DFE-Digital/login.dfe.access","DFE-Digital","login.dfe.access"
"DFE-Digital/login.dfe.api.auth","DFE-Digital","login.dfe.api.auth"
"DFE-Digital/login.dfe.applications","DFE-Digital","login.dfe.applications"
"DFE-Digital/login.dfe.async-retry","DFE-Digital","login.dfe.async-retry"
"DFE-Digital/login.dfe.audit.winston-sequelize-transport","DFE-Digital","login.dfe.audit.winston-sequelize-transport"
"DFE-Digital/login.dfe.b2c-templates","DFE-Digital","login.dfe.b2c-templates"
"DFE-Digital/login.dfe.config.schema","DFE-Digital","login.dfe.config.schema"
"DFE-Digital/login.dfe.config.schema.common","DFE-Digital","login.dfe.config.schema.common"
"DFE-Digital/login.dfe.devices","DFE-Digital","login.dfe.devices"
"DFE-Digital/login.dfe.directories","DFE-Digital","login.dfe.directories"
"DFE-Digital/login.dfe.dsi-client","DFE-Digital","login.dfe.dsi-client"
"DFE-Digital/login.dfe.end-to-end-tests","DFE-Digital","login.dfe.end-to-end-tests"
"DFE-Digital/login.dfe.examples.angular-1x","DFE-Digital","login.dfe.examples.angular-1x"
"DFE-Digital/login.dfe.examples.dotnet46-oidc-client","DFE-Digital","login.dfe.examples.dotnet46-oidc-client"
"DFE-Digital/login.dfe.examples.oidc-client","DFE-Digital","login.dfe.examples.oidc-client"
"DFE-Digital/login.dfe.examples.rails","DFE-Digital","login.dfe.examples.rails"
"DFE-Digital/login.dfe.express-error-handling","DFE-Digital","login.dfe.express-error-handling"
"DFE-Digital/login.dfe.express-flash-2","DFE-Digital","login.dfe.express-flash-2"
"DFE-Digital/login.dfe.gateway","DFE-Digital","login.dfe.gateway"
"DFE-Digital/login.dfe.global","DFE-Digital","login.dfe.global"
"DFE-Digital/login.dfe.healthcheck","DFE-Digital","login.dfe.healthcheck"
"DFE-Digital/login.dfe.help","DFE-Digital","login.dfe.help"
"DFE-Digital/login.dfe.idams-dsi-migration","DFE-Digital","login.dfe.idams-dsi-migration"
"DFE-Digital/login.dfe.infrastructure","DFE-Digital","login.dfe.infrastructure"
"DFE-Digital/login.dfe.jobs","DFE-Digital","login.dfe.jobs"
"DFE-Digital/login.dfe.jwt-strategies","DFE-Digital","login.dfe.jwt-strategies"
"DFE-Digital/login.dfe.k6.load-tests","DFE-Digital","login.dfe.k6.load-tests"
"DFE-Digital/login.dfe.kue","DFE-Digital","login.dfe.kue"
"DFE-Digital/login.dfe.maintenance","DFE-Digital","login.dfe.maintenance"
"DFE-Digital/login.dfe.manage","DFE-Digital","login.dfe.manage"
"DFE-Digital/login.dfe.monitor","DFE-Digital","login.dfe.monitor"
"DFE-Digital/login.dfe.ncs-uis","DFE-Digital","login.dfe.ncs-uis"
"DFE-Digital/login.dfe.node-boilerplate","DFE-Digital","login.dfe.node-boilerplate"
"DFE-Digital/login.dfe.notifications.client","DFE-Digital","login.dfe.notifications.client"
"DFE-Digital/login.dfe.notifications.jobs","DFE-Digital","login.dfe.notifications.jobs"
"DFE-Digital/login.dfe.org-management.api","DFE-Digital","login.dfe.org-management.api"
"DFE-Digital/login.dfe.org-management.web","DFE-Digital","login.dfe.org-management.web"
"DFE-Digital/login.dfe.organisations","DFE-Digital","login.dfe.organisations"
"DFE-Digital/login.dfe.policy-engine","DFE-Digital","login.dfe.policy-engine"
"DFE-Digital/login.dfe.portal","DFE-Digital","login.dfe.portal"
"DFE-Digital/login.dfe.profile","DFE-Digital","login.dfe.profile"
"DFE-Digital/login.dfe.public-api","DFE-Digital","login.dfe.public-api"
"DFE-Digital/login.dfe.public-api.jobs","DFE-Digital","login.dfe.public-api.jobs"
"DFE-Digital/login.dfe.public-api.jobs.client","DFE-Digital","login.dfe.public-api.jobs.client"
"DFE-Digital/login.dfe.request-promise-retry","DFE-Digital","login.dfe.request-promise-retry"
"DFE-Digital/login.dfe.request-verification","DFE-Digital","login.dfe.request-verification"
"DFE-Digital/login.dfe.ruby","DFE-Digital","login.dfe.ruby"
"DFE-Digital/login.dfe.saml-assertions","DFE-Digital","login.dfe.saml-assertions"
"DFE-Digital/login.dfe.saml.proxy","DFE-Digital","login.dfe.saml.proxy"
"DFE-Digital/login.dfe.samlclient","DFE-Digital","login.dfe.samlclient"
"DFE-Digital/login.dfe.sanitization","DFE-Digital","login.dfe.sanitization"
"DFE-Digital/login.dfe.search","DFE-Digital","login.dfe.search"
"DFE-Digital/login.dfe.service-notifications.jobs","DFE-Digital","login.dfe.service-notifications.jobs"
"DFE-Digital/login.dfe.service-notifications.jobs.client","DFE-Digital","login.dfe.service-notifications.jobs.client"
"DFE-Digital/login.dfe.services","DFE-Digital","login.dfe.services"
"DFE-Digital/login.dfe.support","DFE-Digital","login.dfe.support"
"DFE-Digital/login.dfe.uptime-test","DFE-Digital","login.dfe.uptime-test"
"DFE-Digital/login.dfe.validation","DFE-Digital","login.dfe.validation"
"DFE-Digital/login.dfe.winston-appinsights","DFE-Digital","login.dfe.winston-appinsights"
"DFE-Digital/maeves-test-prototype","DFE-Digital","maeves-test-prototype"
"DFE-Digital/mail-notify","DFE-Digital","mail-notify"
"DFE-Digital/manage-applications","DFE-Digital","manage-applications"
"DFE-Digital/manage-teacher-misconduct-referrals-prototype","DFE-Digital","manage-teacher-misconduct-referrals-prototype"
"DFE-Digital/manage-teacher-training-applications-proto","DFE-Digital","manage-teacher-training-applications-proto"
"DFE-Digital/manage-teacher-training-applications-prototype","DFE-Digital","manage-teacher-training-applications-prototype"
"DFE-Digital/manage-teaching-jobs-prototype","DFE-Digital","manage-teaching-jobs-prototype"
"DFE-Digital/meeting-timer","DFE-Digital","meeting-timer"
"DFE-Digital/my-first-repo","DFE-Digital","my-first-repo"
"DFE-Digital/national-professional-qualification","DFE-Digital","national-professional-qualification"
"DFE-Digital/node-build-monitor","DFE-Digital","node-build-monitor"
"DFE-Digital/node-oidc-provider","DFE-Digital","node-oidc-provider"
"DFE-Digital/node-openid-client","DFE-Digital","node-openid-client"
"DFE-Digital/npd-find-and-explore","DFE-Digital","npd-find-and-explore"
"DFE-Digital/npd-find-and-explore-infra","DFE-Digital","npd-find-and-explore-infra"
"DFE-Digital/npd-modernisation","DFE-Digital","npd-modernisation"
"DFE-Digital/npq-prototype","DFE-Digital","npq-prototype"
"DFE-Digital/npq-registration","DFE-Digital","npq-registration"
"DFE-Digital/nrs-alpha-1-test-3","DFE-Digital","nrs-alpha-1-test-3"
"DFE-Digital/nrs-alpha-round-4","DFE-Digital","nrs-alpha-round-4"
"DFE-Digital/nrs-alpha-round-4-remote","DFE-Digital","nrs-alpha-round-4-remote"
"DFE-Digital/nrs-diagnostic-prototype","DFE-Digital","nrs-diagnostic-prototype"
"DFE-Digital/nrs-pre-private-beta","DFE-Digital","nrs-pre-private-beta"
"DFE-Digital/nrs-v1","DFE-Digital","nrs-v1"
"DFE-Digital/nrsproto2","DFE-Digital",nrsproto2
"DFE-Digital/onboarding-notes","DFE-Digital","onboarding-notes"
"DFE-Digital/open-api-rswag","DFE-Digital","open-api-rswag"
"DFE-Digital/operations-devops-deployment","DFE-Digital","operations-devops-deployment"
"DFE-Digital/paas-billing-exporter","DFE-Digital","paas-billing-exporter"
"DFE-Digital/pe-allocations-prototype","DFE-Digital","pe-allocations-prototype"
"DFE-Digital/plan-technology-for-your-school","DFE-Digital","plan-technology-for-your-school"
"DFE-Digital/polis-whitelabel","DFE-Digital","polis-whitelabel"
"DFE-Digital/pre-ab-conversions","DFE-Digital","pre-ab-conversions"
"DFE-Digital/pre-ab-transfers","DFE-Digital","pre-ab-transfers"
"DFE-Digital/prepare-academy-conversions","DFE-Digital","prepare-academy-conversions"
"DFE-Digital/prepare-academy-transfers","DFE-Digital","prepare-academy-transfers"
"DFE-Digital/prepare-spike-ad-roles","DFE-Digital","prepare-spike-ad-roles"
"DFE-Digital/presentation-merger","DFE-Digital","presentation-merger"
"DFE-Digital/prma-webform-prototype","DFE-Digital","prma-webform-prototype"
"DFE-Digital/prototype-request-manage-discovery-peer-review","DFE-Digital","prototype-request-manage-discovery-peer-review"
"DFE-Digital/publish-performance-dashboard-prototype","DFE-Digital","publish-performance-dashboard-prototype"
"DFE-Digital/publish-teacher-training","DFE-Digital","publish-teacher-training"
"DFE-Digital/publish-teacher-training-prototype","DFE-Digital","publish-teacher-training-prototype"
"DFE-Digital/qualifications-service-prototype","DFE-Digital","qualifications-service-prototype"
"DFE-Digital/qualified-teachers-api","DFE-Digital","qualified-teachers-api"
"DFE-Digital/rails-template","DFE-Digital","rails-template"
"DFE-Digital/rawgit","DFE-Digital",rawgit
"DFE-Digital/rba-prototype","DFE-Digital","rba-prototype"
"DFE-Digital/refer-serious-misconduct","DFE-Digital","refer-serious-misconduct"
"DFE-Digital/refer-serious-misconduct-by-a-teacher-prototype","DFE-Digital","refer-serious-misconduct-by-a-teacher-prototype"
"DFE-Digital/refer-serious-misconduct-dataform","DFE-Digital","refer-serious-misconduct-dataform"
"DFE-Digital/register-of-services-prototype","DFE-Digital","register-of-services-prototype"
"DFE-Digital/register-tech-spikes","DFE-Digital","register-tech-spikes"
"DFE-Digital/register-trainee-teachers","DFE-Digital","register-trainee-teachers"
"DFE-Digital/register-trainee-teachers-prototype","DFE-Digital","register-trainee-teachers-prototype"
"DFE-Digital/remote-education-review-framework-prototype","DFE-Digital","remote-education-review-framework-prototype"
"DFE-Digital/res-design-history","DFE-Digital","res-design-history"
"DFE-Digital/right-to-teach-prototype","DFE-Digital","right-to-teach-prototype"
"DFE-Digital/rollover-allocations-prototype","DFE-Digital","rollover-allocations-prototype"
"DFE-Digital/rsd-academies-db-migration","DFE-Digital","rsd-academies-db-migration"
"DFE-Digital/rsd-azure-front-door-waf","DFE-Digital","rsd-azure-front-door-waf"
"DFE-Digital/rsd-azure-slack-workflow","DFE-Digital","rsd-azure-slack-workflow"
"DFE-Digital/rspec-retry","DFE-Digital","rspec-retry"
"DFE-Digital/ruby-technical-test","DFE-Digital","ruby-technical-test"
"DFE-Digital/samling","DFE-Digital",samling
"DFE-Digital/samljs-serverless-sample","DFE-Digital","samljs-serverless-sample"
"DFE-Digital/schema-explorer","DFE-Digital","schema-explorer"
"DFE-Digital/school-account","DFE-Digital","school-account"
"DFE-Digital/school-account-prototype","DFE-Digital","school-account-prototype"
"DFE-Digital/school-account.ui-tests","DFE-Digital","school-account.ui-tests"
"DFE-Digital/school-experience-beta","DFE-Digital","school-experience-beta"
"DFE-Digital/school-experience-devops","DFE-Digital","school-experience-devops"
"DFE-Digital/school-experience-env-dashboard","DFE-Digital","school-experience-env-dashboard"
"DFE-Digital/school-experience-redirect","DFE-Digital","school-experience-redirect"
"DFE-Digital/school-leaders-user-experience-prototype","DFE-Digital","school-leaders-user-experience-prototype"
"DFE-Digital/school-placements-alpha-prototype","DFE-Digital","school-placements-alpha-prototype"
"DFE-Digital/schools-commerical-team-upptime","DFE-Digital","schools-commerical-team-upptime"
"DFE-Digital/schools-experience","DFE-Digital","schools-experience"
"DFE-Digital/schools-experience-tests","DFE-Digital","schools-experience-tests"
"DFE-Digital/sdd-a2b-internal-service-prototype","DFE-Digital","sdd-a2b-internal-service-prototype"
"DFE-Digital/sdd-concerns-prototype","DFE-Digital","sdd-concerns-prototype"
"DFE-Digital/sdd-design-history","DFE-Digital","sdd-design-history"
"DFE-Digital/sdd-services-prototype","DFE-Digital","sdd-services-prototype"
"DFE-Digital/sdd-technical-documentation","DFE-Digital","sdd-technical-documentation"
"DFE-Digital/search-and-compare-language-prototype","DFE-Digital","search-and-compare-language-prototype"
"DFE-Digital/send-data-dev-hub-prototype","DFE-Digital","send-data-dev-hub-prototype"
"DFE-Digital/send-data-developer-hub-prototype","DFE-Digital","send-data-developer-hub-prototype"
"DFE-Digital/send-data-ur-surveys","DFE-Digital","send-data-ur-surveys"
"DFE-Digital/seo-developer-tech-test","DFE-Digital","seo-developer-tech-test"
"DFE-Digital/service-manual-drafts","DFE-Digital","service-manual-drafts"
"DFE-Digital/service-manual-gone","DFE-Digital","service-manual-gone"
"DFE-Digital/service-security-posture-hardening","DFE-Digital","service-security-posture-hardening"
"DFE-Digital/shoryuken","DFE-Digital",shoryuken
"DFE-Digital/simplecov-resultset-diff-action","DFE-Digital","simplecov-resultset-diff-action"
"DFE-Digital/single-place-for-education-frontend","DFE-Digital","single-place-for-education-frontend"
"DFE-Digital/single-place-for-education-govuk-prototype","DFE-Digital","single-place-for-education-govuk-prototype"
"DFE-Digital/single-starting-point-prototype","DFE-Digital","single-starting-point-prototype"
"DFE-Digital/slack-incident-bot","DFE-Digital","slack-incident-bot"
"DFE-Digital/spi-common","DFE-Digital","spi-common"
"DFE-Digital/spi-entitysquasher","DFE-Digital","spi-entitysquasher"
"DFE-Digital/spi-event-broker","DFE-Digital","spi-event-broker"
"DFE-Digital/spi-gias-adapter","DFE-Digital","spi-gias-adapter"
"DFE-Digital/spi-graphql-api","DFE-Digital","spi-graphql-api"
"DFE-Digital/spi-istore-adapter","DFE-Digital","spi-istore-adapter"
"DFE-Digital/spi-models","DFE-Digital","spi-models"
"DFE-Digital/spi-rates-adapter","DFE-Digital","spi-rates-adapter"
"DFE-Digital/spi-registry","DFE-Digital","spi-registry"
"DFE-Digital/spi-tools","DFE-Digital","spi-tools"
"DFE-Digital/spi-translation","DFE-Digital","spi-translation"
"DFE-Digital/spi-ukrlp-adapter","DFE-Digital","spi-ukrlp-adapter"
"DFE-Digital/standards-manual-design-history","DFE-Digital","standards-manual-design-history"
"DFE-Digital/standardsv2","DFE-Digital",standardsv2
"DFE-Digital/sts-digital-strategy-design-history","DFE-Digital","sts-digital-strategy-design-history"
"DFE-Digital/support-for-ects","DFE-Digital","support-for-ects"
"DFE-Digital/support-for-mentors","DFE-Digital","support-for-mentors"
"DFE-Digital/support-for-publish-prototype","DFE-Digital","support-for-publish-prototype"
"DFE-Digital/sw-career-development","DFE-Digital","sw-career-development"
"DFE-Digital/teach-in-further-education-design-history","DFE-Digital","teach-in-further-education-design-history"
"DFE-Digital/teacher-cpd-design-history","DFE-Digital","teacher-cpd-design-history"
"DFE-Digital/teacher-misconduct-prototype","DFE-Digital","teacher-misconduct-prototype"
"DFE-Digital/teacher-misconduct-system","DFE-Digital","teacher-misconduct-system"
"DFE-Digital/teacher-payments-service-verify","DFE-Digital","teacher-payments-service-verify"
"DFE-Digital/teacher-self-service-prototype","DFE-Digital","teacher-self-service-prototype"
"DFE-Digital/teacher-services-architectural-diagrams","DFE-Digital","teacher-services-architectural-diagrams"
"DFE-Digital/teacher-services-cloud","DFE-Digital","teacher-services-cloud"
"DFE-Digital/teacher-services-data-transformation","DFE-Digital","teacher-services-data-transformation"
"DFE-Digital/teacher-services-hedgedoc","DFE-Digital","teacher-services-hedgedoc"
"DFE-Digital/teacher-services-landing-page-prototype","DFE-Digital","teacher-services-landing-page-prototype"
"DFE-Digital/teacher-services-tech-docs","DFE-Digital","teacher-services-tech-docs"
"DFE-Digital/teacher-services-upptime","DFE-Digital","teacher-services-upptime"
"DFE-Digital/teaching-vacancies","DFE-Digital","teaching-vacancies"
"DFE-Digital/teaching-vacancies-design-history","DFE-Digital","teaching-vacancies-design-history"
"DFE-Digital/teaching-vacancies-prototype","DFE-Digital","teaching-vacancies-prototype"
"DFE-Digital/teaching-vacancies-slackbot","DFE-Digital","teaching-vacancies-slackbot"
"DFE-Digital/tech-docs-gem","DFE-Digital","tech-docs-gem"
"DFE-Digital/tech-docs-monitor","DFE-Digital","tech-docs-monitor"
"DFE-Digital/tech-docs-sandbox","DFE-Digital","tech-docs-sandbox"
"DFE-Digital/technical-guidance","DFE-Digital","technical-guidance"
"DFE-Digital/terraform-azurerm-container-apps-hosting","DFE-Digital","terraform-azurerm-container-apps-hosting"
"DFE-Digital/terraform-azurerm-front-door-app-gateway-waf","DFE-Digital","terraform-azurerm-front-door-app-gateway-waf"
"DFE-Digital/terraform-azurerm-key-vault-tfvars","DFE-Digital","terraform-azurerm-key-vault-tfvars"
"DFE-Digital/terraform-azurerm-logic-app-workflow-slack","DFE-Digital","terraform-azurerm-logic-app-workflow-slack"
"DFE-Digital/terraform-azurerm-web-app-services-hosting","DFE-Digital","terraform-azurerm-web-app-services-hosting"
"DFE-Digital/terraform-modules","DFE-Digital","terraform-modules"
"DFE-Digital/tra-digital-design-history","DFE-Digital","tra-digital-design-history"
"DFE-Digital/tra-dqt-automation","DFE-Digital","tra-dqt-automation"
"DFE-Digital/tra-paas-monitoring","DFE-Digital","tra-paas-monitoring"
"DFE-Digital/tra-shared-services","DFE-Digital","tra-shared-services"
"DFE-Digital/tra-trn-generation-api","DFE-Digital","tra-trn-generation-api"
"DFE-Digital/tslr","DFE-Digital",tslr
"DFE-Digital/tuition_parser","DFE-Digital","tuition_parser"
"DFE-Digital/twd-workforce-data-api","DFE-Digital","twd-workforce-data-api"
"DFE-Digital/user-research","DFE-Digital","user-research"
"DFE-Digital/user-research-manual","DFE-Digital","user-research-manual"
"DFE-Digital/vcf-sw-assessment-accreditation-premigration","DFE-Digital","vcf-sw-assessment-accreditation-premigration"
"DFE-Digital/vcf-sw-assessment-accreditation-prototype","DFE-Digital","vcf-sw-assessment-accreditation-prototype"
"DFE-Digital/vcf-sw-career-development-design-history","DFE-Digital","vcf-sw-career-development-design-history"
"DFE-Digital/vcf-sw-career-development-prototype","DFE-Digital","vcf-sw-career-development-prototype"
"DFE-Digital/version-control-for-content-designers","DFE-Digital","version-control-for-content-designers"
"DFE-Digital/wizard_steps","DFE-Digital","wizard_steps"
"DFE-Digital/yabeda-delayed_job","DFE-Digital","yabeda-delayed_job"
"DFEAGILEDEVOPS/ACDPP",DFEAGILEDEVOPS,ACDPP
"DFEAGILEDEVOPS/Lucene.Net.Linq",DFEAGILEDEVOPS,"Lucene.Net.Linq"
"DFEAGILEDEVOPS/MTC",DFEAGILEDEVOPS,MTC
"DFEAGILEDEVOPS/SFB.EF.UI",DFEAGILEDEVOPS,"SFB.EF.UI"
"DFEAGILEDEVOPS/SFB.SAD.UI",DFEAGILEDEVOPS,"SFB.SAD.UI"
"DFEAGILEDEVOPS/SFB.Web.API",DFEAGILEDEVOPS,"SFB.Web.API"
"DFEAGILEDEVOPS/SFB.Web.ApplicationCore",DFEAGILEDEVOPS,"SFB.Web.ApplicationCore"
"DFEAGILEDEVOPS/SFB.Web.Infrastructure",DFEAGILEDEVOPS,"SFB.Web.Infrastructure"
"DFEAGILEDEVOPS/Schools.Financial.Benchmarking",DFEAGILEDEVOPS,"Schools.Financial.Benchmarking"
"DFEAGILEDEVOPS/SimplePaaS",DFEAGILEDEVOPS,SimplePaaS
"DFEAGILEDEVOPS/SimplePaaSSprint0",DFEAGILEDEVOPS,SimplePaaSSprint0
"DFEAGILEDEVOPS/SimplePaaSSprint2",DFEAGILEDEVOPS,SimplePaaSSprint2
"DFEAGILEDEVOPS/cloud-platform-docs",DFEAGILEDEVOPS,"cloud-platform-docs"
"DFEAGILEDEVOPS/dfe-platform-tool",DFEAGILEDEVOPS,"dfe-platform-tool"
"DFEAGILEDEVOPS/express-breadcrumbs",DFEAGILEDEVOPS,"express-breadcrumbs"
"DFEAGILEDEVOPS/govuk-blank",DFEAGILEDEVOPS,"govuk-blank"
"DFEAGILEDEVOPS/govuk-styleguide-theme",DFEAGILEDEVOPS,"govuk-styleguide-theme"
"DFEAGILEDEVOPS/less-tedious",DFEAGILEDEVOPS,"less-tedious"
"DFEAGILEDEVOPS/mtc-test-automated-release",DFEAGILEDEVOPS,"mtc-test-automated-release"
"DFEAGILEDEVOPS/node-sql-migrations",DFEAGILEDEVOPS,"node-sql-migrations"
"DFEAGILEDEVOPS/os-infrastructure",DFEAGILEDEVOPS,"os-infrastructure"
"DFEAGILEDEVOPS/s2i-rshiny",DFEAGILEDEVOPS,"s2i-rshiny"
"DFEAGILEDEVOPS/sfb-fibre",DFEAGILEDEVOPS,"sfb-fibre"
"DFEAGILEDEVOPS/typeahead.js",DFEAGILEDEVOPS,"typeahead.js"
"SkillsFundingAgency/Allocation-Profiling",SkillsFundingAgency,"Allocation-Profiling"
"SkillsFundingAgency/CFS-Backend",SkillsFundingAgency,"CFS-Backend"
"SkillsFundingAgency/CFS-Frontend",SkillsFundingAgency,"CFS-Frontend"
"SkillsFundingAgency/CFS-Prototype",SkillsFundingAgency,"CFS-Prototype"
"SkillsFundingAgency/CX-team-master",SkillsFundingAgency,"CX-team-master"
"SkillsFundingAgency/CalculateFunding-Common",SkillsFundingAgency,"CalculateFunding-Common"
"SkillsFundingAgency/CalculateFunding-Frontend-Testing",SkillsFundingAgency,"CalculateFunding-Frontend-Testing"
"SkillsFundingAgency/CalculateFunding-SpecGenerator",SkillsFundingAgency,"CalculateFunding-SpecGenerator"
"SkillsFundingAgency/CalculateFunding-Support",SkillsFundingAgency,"CalculateFunding-Support"
"SkillsFundingAgency/DC-2021-FRM-ReportService",SkillsFundingAgency,"DC-2021-FRM-ReportService"
"SkillsFundingAgency/DC-2021-PeriodEnd-ReportService",SkillsFundingAgency,"DC-2021-PeriodEnd-ReportService"
"SkillsFundingAgency/DC-Admin-WebUi",SkillsFundingAgency,"DC-Admin-WebUi"
"SkillsFundingAgency/DC-AdminQueueMonitor",SkillsFundingAgency,"DC-AdminQueueMonitor"
"SkillsFundingAgency/DC-Alpha-AzureSearch-POC",SkillsFundingAgency,"DC-Alpha-AzureSearch-POC"
"SkillsFundingAgency/DC-Alpha-Azurefunctions-POC",SkillsFundingAgency,"DC-Alpha-Azurefunctions-POC"
"SkillsFundingAgency/DC-Alpha-EasyWrapperPaaS",SkillsFundingAgency,"DC-Alpha-EasyWrapperPaaS"
"SkillsFundingAgency/DC-Alpha-ILR-Processing-SF-POC",SkillsFundingAgency,"DC-Alpha-ILR-Processing-SF-POC"
"SkillsFundingAgency/DC-Alpha-ILRSubmission-Web",SkillsFundingAgency,"DC-Alpha-ILRSubmission-Web"
"SkillsFundingAgency/DC-Alpha-ValidationService-POC",SkillsFundingAgency,"DC-Alpha-ValidationService-POC"
"SkillsFundingAgency/DC-Alpha-WebUI",SkillsFundingAgency,"DC-Alpha-WebUI"
"SkillsFundingAgency/DC-Auditing",SkillsFundingAgency,"DC-Auditing"
"SkillsFundingAgency/DC-Auditing-Service",SkillsFundingAgency,"DC-Auditing-Service"
"SkillsFundingAgency/DC-CollectionsManagement",SkillsFundingAgency,"DC-CollectionsManagement"
"SkillsFundingAgency/DC-CollectionsManagement-Model",SkillsFundingAgency,"DC-CollectionsManagement-Model"
"SkillsFundingAgency/DC-CollectionsManagement-WebApi",SkillsFundingAgency,"DC-CollectionsManagement-WebApi"
"SkillsFundingAgency/DC-CrossLoad",SkillsFundingAgency,"DC-CrossLoad"
"SkillsFundingAgency/DC-CrossLoad-Service",SkillsFundingAgency,"DC-CrossLoad-Service"
"SkillsFundingAgency/DC-Data-ApprenticeshipsEarningsHistory",SkillsFundingAgency,"DC-Data-ApprenticeshipsEarningsHistory"
"SkillsFundingAgency/DC-Data-DasCommitments",SkillsFundingAgency,"DC-Data-DasCommitments"
"SkillsFundingAgency/DC-Data-EDRS",SkillsFundingAgency,"DC-Data-EDRS"
"SkillsFundingAgency/DC-Data-ILR-1819-ValidationErrors",SkillsFundingAgency,"DC-Data-ILR-1819-ValidationErrors"
"SkillsFundingAgency/DC-Data-LARS",SkillsFundingAgency,"DC-Data-LARS"
"SkillsFundingAgency/DC-Data-LargeEmployer",SkillsFundingAgency,"DC-Data-LargeEmployer"
"SkillsFundingAgency/DC-Data-Organisations",SkillsFundingAgency,"DC-Data-Organisations"
"SkillsFundingAgency/DC-Data-Postcodes",SkillsFundingAgency,"DC-Data-Postcodes"
"SkillsFundingAgency/DC-Data-ULN",SkillsFundingAgency,"DC-Data-ULN"
"SkillsFundingAgency/DC-DataMatch-ReportService",SkillsFundingAgency,"DC-DataMatch-ReportService"
"SkillsFundingAgency/DC-DatabaseTesting",SkillsFundingAgency,"DC-DatabaseTesting"
"SkillsFundingAgency/DC-DateTime-Provider",SkillsFundingAgency,"DC-DateTime-Provider"
"SkillsFundingAgency/DC-EAS-1819",SkillsFundingAgency,"DC-EAS-1819"
"SkillsFundingAgency/DC-EAS-2021",SkillsFundingAgency,"DC-EAS-2021"
"SkillsFundingAgency/DC-ESF",SkillsFundingAgency,"DC-ESF"
"SkillsFundingAgency/DC-ESF-R2",SkillsFundingAgency,"DC-ESF-R2"
"SkillsFundingAgency/DC-Failed-Jobs-Service",SkillsFundingAgency,"DC-Failed-Jobs-Service"
"SkillsFundingAgency/DC-FundingClaims",SkillsFundingAgency,"DC-FundingClaims"
"SkillsFundingAgency/DC-ILR-1617-Database",SkillsFundingAgency,"DC-ILR-1617-Database"
"SkillsFundingAgency/DC-ILR-1718-Database",SkillsFundingAgency,"DC-ILR-1718-Database"
"SkillsFundingAgency/DC-ILR-1718-FileValidationService",SkillsFundingAgency,"DC-ILR-1718-FileValidationService"
"SkillsFundingAgency/DC-ILR-1718-FundingService-ALB",SkillsFundingAgency,"DC-ILR-1718-FundingService-ALB"
"SkillsFundingAgency/DC-ILR-1718-Model",SkillsFundingAgency,"DC-ILR-1718-Model"
"SkillsFundingAgency/DC-ILR-1718-ValidationService",SkillsFundingAgency,"DC-ILR-1718-ValidationService"
"SkillsFundingAgency/DC-ILR-1819",SkillsFundingAgency,"DC-ILR-1819"
"SkillsFundingAgency/DC-ILR-1819-DataStore",SkillsFundingAgency,"DC-ILR-1819-DataStore"
"SkillsFundingAgency/DC-ILR-1819-Database",SkillsFundingAgency,"DC-ILR-1819-Database"
"SkillsFundingAgency/DC-ILR-1819-FileValidationService",SkillsFundingAgency,"DC-ILR-1819-FileValidationService"
"SkillsFundingAgency/DC-ILR-1819-FundingService-ALB",SkillsFundingAgency,"DC-ILR-1819-FundingService-ALB"
"SkillsFundingAgency/DC-ILR-1819-FundingService-FM35",SkillsFundingAgency,"DC-ILR-1819-FundingService-FM35"
"SkillsFundingAgency/DC-ILR-1819-FundingService-SF",SkillsFundingAgency,"DC-ILR-1819-FundingService-SF"
"SkillsFundingAgency/DC-ILR-1819-Model",SkillsFundingAgency,"DC-ILR-1819-Model"
"SkillsFundingAgency/DC-ILR-1819-ReportService",SkillsFundingAgency,"DC-ILR-1819-ReportService"
"SkillsFundingAgency/DC-ILR-1819-Test-Data-Generation",SkillsFundingAgency,"DC-ILR-1819-Test-Data-Generation"
"SkillsFundingAgency/DC-ILR-1819-ValidationService",SkillsFundingAgency,"DC-ILR-1819-ValidationService"
"SkillsFundingAgency/DC-ILR-2021",SkillsFundingAgency,"DC-ILR-2021"
"SkillsFundingAgency/DC-ILR-2021-AmalgamationService",SkillsFundingAgency,"DC-ILR-2021-AmalgamationService"
"SkillsFundingAgency/DC-ILR-2021-DataStore",SkillsFundingAgency,"DC-ILR-2021-DataStore"
"SkillsFundingAgency/DC-ILR-2021-Desktop",SkillsFundingAgency,"DC-ILR-2021-Desktop"
"SkillsFundingAgency/DC-ILR-2021-FundingService",SkillsFundingAgency,"DC-ILR-2021-FundingService"
"SkillsFundingAgency/DC-ILR-2021-LearnerEntryTool",SkillsFundingAgency,"DC-ILR-2021-LearnerEntryTool"
"SkillsFundingAgency/DC-ILR-2021-ReferenceDataService",SkillsFundingAgency,"DC-ILR-2021-ReferenceDataService"
"SkillsFundingAgency/DC-ILR-2021-Tools",SkillsFundingAgency,"DC-ILR-2021-Tools"
"SkillsFundingAgency/DC-ILR-2021-ValidationService",SkillsFundingAgency,"DC-ILR-2021-ValidationService"
"SkillsFundingAgency/DC-ILR-FundingService-Dtos",SkillsFundingAgency,"DC-ILR-FundingService-Dtos"
"SkillsFundingAgency/DC-ILR-ValidationErrorReport-Model",SkillsFundingAgency,"DC-ILR-ValidationErrorReport-Model"
"SkillsFundingAgency/DC-ILR-ValidationErrors",SkillsFundingAgency,"DC-ILR-ValidationErrors"
"SkillsFundingAgency/DC-ILRLegacy-DataStore",SkillsFundingAgency,"DC-ILRLegacy-DataStore"
"SkillsFundingAgency/DC-IO",SkillsFundingAgency,"DC-IO"
"SkillsFundingAgency/DC-Job-Management",SkillsFundingAgency,"DC-Job-Management"
"SkillsFundingAgency/DC-Job-Model",SkillsFundingAgency,"DC-Job-Model"
"SkillsFundingAgency/DC-Job-WebApi",SkillsFundingAgency,"DC-Job-WebApi"
"SkillsFundingAgency/DC-JobContext",SkillsFundingAgency,"DC-JobContext"
"SkillsFundingAgency/DC-JobContextManager",SkillsFundingAgency,"DC-JobContextManager"
"SkillsFundingAgency/DC-JobQueueManager",SkillsFundingAgency,"DC-JobQueueManager"
"SkillsFundingAgency/DC-JobScheduler",SkillsFundingAgency,"DC-JobScheduler"
"SkillsFundingAgency/DC-JobStatus",SkillsFundingAgency,"DC-JobStatus"
"SkillsFundingAgency/DC-JobStatus-Service",SkillsFundingAgency,"DC-JobStatus-Service"
"SkillsFundingAgency/DC-KeyGenerator",SkillsFundingAgency,"DC-KeyGenerator"
"SkillsFundingAgency/DC-LARS",SkillsFundingAgency,"DC-LARS"
"SkillsFundingAgency/DC-Logging",SkillsFundingAgency,"DC-Logging"
"SkillsFundingAgency/DC-Mapping",SkillsFundingAgency,"DC-Mapping"
"SkillsFundingAgency/DC-NCS",SkillsFundingAgency,"DC-NCS"
"SkillsFundingAgency/DC-OPA",SkillsFundingAgency,"DC-OPA"
"SkillsFundingAgency/DC-OPA-Model",SkillsFundingAgency,"DC-OPA-Model"
"SkillsFundingAgency/DC-OPA-Service",SkillsFundingAgency,"DC-OPA-Service"
"SkillsFundingAgency/DC-OPA-XSRC-Model",SkillsFundingAgency,"DC-OPA-XSRC-Model"
"SkillsFundingAgency/DC-OPA-XSRC-Service",SkillsFundingAgency,"DC-OPA-XSRC-Service"
"SkillsFundingAgency/DC-Operations-Reports",SkillsFundingAgency,"DC-Operations-Reports"
"SkillsFundingAgency/DC-Prototype-Web-UI",SkillsFundingAgency,"DC-Prototype-Web-UI"
"SkillsFundingAgency/DC-Queueing",SkillsFundingAgency,"DC-Queueing"
"SkillsFundingAgency/DC-ReferenceData",SkillsFundingAgency,"DC-ReferenceData"
"SkillsFundingAgency/DC-ReportData-2021-Database",SkillsFundingAgency,"DC-ReportData-2021-Database"
"SkillsFundingAgency/DC-Serialization",SkillsFundingAgency,"DC-Serialization"
"SkillsFundingAgency/DC-ServiceFabric-Helpers",SkillsFundingAgency,"DC-ServiceFabric-Helpers"
"SkillsFundingAgency/DC-Shared-Packages",SkillsFundingAgency,"DC-Shared-Packages"
"SkillsFundingAgency/DC-SubmitLearnerData-API-EAS",SkillsFundingAgency,"DC-SubmitLearnerData-API-EAS"
"SkillsFundingAgency/DC-SubmitLearnerData-API-LearnerData",SkillsFundingAgency,"DC-SubmitLearnerData-API-LearnerData"
"SkillsFundingAgency/DC-SubmitLearnerData-API-Public",SkillsFundingAgency,"DC-SubmitLearnerData-API-Public"
"SkillsFundingAgency/DC-SubmitLearnerData-API-SummarisedActuals",SkillsFundingAgency,"DC-SubmitLearnerData-API-SummarisedActuals"
"SkillsFundingAgency/DC-Summarisation",SkillsFundingAgency,"DC-Summarisation"
"SkillsFundingAgency/DC-Summarisation-ReportService",SkillsFundingAgency,"DC-Summarisation-ReportService"
"SkillsFundingAgency/DC-Tools",SkillsFundingAgency,"DC-Tools"
"SkillsFundingAgency/DC-Web-Operations",SkillsFundingAgency,"DC-Web-Operations"
"SkillsFundingAgency/DC-WebUI",SkillsFundingAgency,"DC-WebUI"
"SkillsFundingAgency/DS-DocumentationServicePrototype-Public",SkillsFundingAgency,"DS-DocumentationServicePrototype-Public"
"SkillsFundingAgency/ESFA-CFS-Prototype",SkillsFundingAgency,"ESFA-CFS-Prototype"
"SkillsFundingAgency/FE-Workforce-StaffEntryTool",SkillsFundingAgency,"FE-Workforce-StaffEntryTool"
"SkillsFundingAgency/GAG-Prototype",SkillsFundingAgency,"GAG-Prototype"
"SkillsFundingAgency/ILR-Learner-Entry",SkillsFundingAgency,"ILR-Learner-Entry"
"SkillsFundingAgency/Information-Exchange",SkillsFundingAgency,"Information-Exchange"
"SkillsFundingAgency/OrchardCore",SkillsFundingAgency,OrchardCore
"SkillsFundingAgency/VstsTools",SkillsFundingAgency,VstsTools
"SkillsFundingAgency/azure-functions-dotnet-extensions",SkillsFundingAgency,"azure-functions-dotnet-extensions"
"SkillsFundingAgency/das-aan-employer-prototype",SkillsFundingAgency,"das-aan-employer-prototype"
"SkillsFundingAgency/das-aan-hub-api",SkillsFundingAgency,"das-aan-hub-api"
"SkillsFundingAgency/das-aan-hub-jobs",SkillsFundingAgency,"das-aan-hub-jobs"
"SkillsFundingAgency/das-aan-prototype",SkillsFundingAgency,"das-aan-prototype"
"SkillsFundingAgency/das-admin-service",SkillsFundingAgency,"das-admin-service"
"SkillsFundingAgency/das-alpha-hmrc-api-mock",SkillsFundingAgency,"das-alpha-hmrc-api-mock"
"SkillsFundingAgency/das-alpha-taxservice-mock",SkillsFundingAgency,"das-alpha-taxservice-mock"
"SkillsFundingAgency/das-api-stub",SkillsFundingAgency,"das-api-stub"
"SkillsFundingAgency/das-api-stub-prototype",SkillsFundingAgency,"das-api-stub-prototype"
"SkillsFundingAgency/das-apim-developer-api",SkillsFundingAgency,"das-apim-developer-api"
"SkillsFundingAgency/das-apim-developer-web",SkillsFundingAgency,"das-apim-developer-web"
"SkillsFundingAgency/das-apim-endpoints",SkillsFundingAgency,"das-apim-endpoints"
"SkillsFundingAgency/das-apply-service",SkillsFundingAgency,"das-apply-service"
"SkillsFundingAgency/das-apprentice-aan-web",SkillsFundingAgency,"das-apprentice-aan-web"
"SkillsFundingAgency/das-apprentice-accounts-api",SkillsFundingAgency,"das-apprentice-accounts-api"
"SkillsFundingAgency/das-apprentice-accounts-jobs",SkillsFundingAgency,"das-apprentice-accounts-jobs"
"SkillsFundingAgency/das-apprentice-accounts-web",SkillsFundingAgency,"das-apprentice-accounts-web"
"SkillsFundingAgency/das-apprentice-acct-prototype",SkillsFundingAgency,"das-apprentice-acct-prototype"
"SkillsFundingAgency/das-apprentice-commitments-api",SkillsFundingAgency,"das-apprentice-commitments-api"
"SkillsFundingAgency/das-apprentice-commitments-jobs",SkillsFundingAgency,"das-apprentice-commitments-jobs"
"SkillsFundingAgency/das-apprentice-commitments-web",SkillsFundingAgency,"das-apprentice-commitments-web"
"SkillsFundingAgency/das-apprentice-feedback-api",SkillsFundingAgency,"das-apprentice-feedback-api"
"SkillsFundingAgency/das-apprentice-feedback-jobs",SkillsFundingAgency,"das-apprentice-feedback-jobs"
"SkillsFundingAgency/das-apprentice-feedback-web",SkillsFundingAgency,"das-apprentice-feedback-web"
"SkillsFundingAgency/das-apprentice-login-service",SkillsFundingAgency,"das-apprentice-login-service"
"SkillsFundingAgency/das-apprentice-portal-web",SkillsFundingAgency,"das-apprentice-portal-web"
"SkillsFundingAgency/das-apprenticeship-pdf-linker",SkillsFundingAgency,"das-apprenticeship-pdf-linker"
"SkillsFundingAgency/das-apprenticeship-selfhelp",SkillsFundingAgency,"das-apprenticeship-selfhelp"
"SkillsFundingAgency/das-apprenticeships",SkillsFundingAgency,"das-apprenticeships"
"SkillsFundingAgency/das-apprenticeships-approvals-eventhandlers",SkillsFundingAgency,"das-apprenticeships-approvals-eventhandlers"
"SkillsFundingAgency/das-assessor-functions",SkillsFundingAgency,"das-assessor-functions"
"SkillsFundingAgency/das-assessor-service",SkillsFundingAgency,"das-assessor-service"
"SkillsFundingAgency/das-assessor-service-external-apiclient",SkillsFundingAgency,"das-assessor-service-external-apiclient"
"SkillsFundingAgency/das-audit",SkillsFundingAgency,"das-audit"
"SkillsFundingAgency/das-authorization",SkillsFundingAgency,"das-authorization"
"SkillsFundingAgency/das-azure-pipelines-agents",SkillsFundingAgency,"das-azure-pipelines-agents"
"SkillsFundingAgency/das-azure-pipelines-tasks",SkillsFundingAgency,"das-azure-pipelines-tasks"
"SkillsFundingAgency/das-campaign",SkillsFundingAgency,"das-campaign"
"SkillsFundingAgency/das-charities-api",SkillsFundingAgency,"das-charities-api"
"SkillsFundingAgency/das-commitments",SkillsFundingAgency,"das-commitments"
"SkillsFundingAgency/das-commitments-statement-prototype",SkillsFundingAgency,"das-commitments-statement-prototype"
"SkillsFundingAgency/das-commitments-stubs",SkillsFundingAgency,"das-commitments-stubs"
"SkillsFundingAgency/das-companieshouse",SkillsFundingAgency,"das-companieshouse"
"SkillsFundingAgency/das-content-api",SkillsFundingAgency,"das-content-api"
"SkillsFundingAgency/das-courses-api",SkillsFundingAgency,"das-courses-api"
"SkillsFundingAgency/das-data-management",SkillsFundingAgency,"das-data-management"
"SkillsFundingAgency/das-data-management-ai",SkillsFundingAgency,"das-data-management-ai"
"SkillsFundingAgency/das-digital-engagement",SkillsFundingAgency,"das-digital-engagement"
"SkillsFundingAgency/das-download-service",SkillsFundingAgency,"das-download-service"
"SkillsFundingAgency/das-employer-aan-web",SkillsFundingAgency,"das-employer-aan-web"
"SkillsFundingAgency/das-employer-accounts",SkillsFundingAgency,"das-employer-accounts"
"SkillsFundingAgency/das-employer-finance",SkillsFundingAgency,"das-employer-finance"
"SkillsFundingAgency/das-employer-incentives",SkillsFundingAgency,"das-employer-incentives"
"SkillsFundingAgency/das-employer-incentives-functions",SkillsFundingAgency,"das-employer-incentives-functions"
"SkillsFundingAgency/das-employer-incentives-web",SkillsFundingAgency,"das-employer-incentives-web"
"SkillsFundingAgency/das-employer-profiles-web",SkillsFundingAgency,"das-employer-profiles-web"
"SkillsFundingAgency/das-employer-prototype",SkillsFundingAgency,"das-employer-prototype"
"SkillsFundingAgency/das-employerapprenticeshipsservice",SkillsFundingAgency,"das-employerapprenticeshipsservice"
"SkillsFundingAgency/das-employercommitments-v2",SkillsFundingAgency,"das-employercommitments-v2"
"SkillsFundingAgency/das-employerdemand-api",SkillsFundingAgency,"das-employerdemand-api"
"SkillsFundingAgency/das-employerdemand-jobs",SkillsFundingAgency,"das-employerdemand-jobs"
"SkillsFundingAgency/das-employerdemand-web",SkillsFundingAgency,"das-employerdemand-web"
"SkillsFundingAgency/das-employerusers",SkillsFundingAgency,"das-employerusers"
"SkillsFundingAgency/das-employmentcheck",SkillsFundingAgency,"das-employmentcheck"
"SkillsFundingAgency/das-epao-prototype",SkillsFundingAgency,"das-epao-prototype"
"SkillsFundingAgency/das-events",SkillsFundingAgency,"das-events"
"SkillsFundingAgency/das-fat-dataloader",SkillsFundingAgency,"das-fat-dataloader"
"SkillsFundingAgency/das-fat-jobs",SkillsFundingAgency,"das-fat-jobs"
"SkillsFundingAgency/das-fat-prototype",SkillsFundingAgency,"das-fat-prototype"
"SkillsFundingAgency/das-find-employment-schemes",SkillsFundingAgency,"das-find-employment-schemes"
"SkillsFundingAgency/das-find-epao-web",SkillsFundingAgency,"das-find-epao-web"
"SkillsFundingAgency/das-findapprenticeship-api",SkillsFundingAgency,"das-findapprenticeship-api"
"SkillsFundingAgency/das-findapprenticeshiptraining",SkillsFundingAgency,"das-findapprenticeshiptraining"
"SkillsFundingAgency/das-findtraineeship-api",SkillsFundingAgency,"das-findtraineeship-api"
"SkillsFundingAgency/das-flexible-payment-models-prototype",SkillsFundingAgency,"das-flexible-payment-models-prototype"
"SkillsFundingAgency/das-forecasting-api",SkillsFundingAgency,"das-forecasting-api"
"SkillsFundingAgency/das-forecasting-jobs",SkillsFundingAgency,"das-forecasting-jobs"
"SkillsFundingAgency/das-forecasting-tool",SkillsFundingAgency,"das-forecasting-tool"
"SkillsFundingAgency/das-frontend",SkillsFundingAgency,"das-frontend"
"SkillsFundingAgency/das-funding-apprenticeship-earnings",SkillsFundingAgency,"das-funding-apprenticeship-earnings"
"SkillsFundingAgency/das-funding-apprenticeship-earnings-approvals-eventhandlers",SkillsFundingAgency,"das-funding-apprenticeship-earnings-approvals-eventhandlers"
"SkillsFundingAgency/das-funding-apprenticeship-payments",SkillsFundingAgency,"das-funding-apprenticeship-payments"
"SkillsFundingAgency/das-funding-payments-v2-adapter",SkillsFundingAgency,"das-funding-payments-v2-adapter"
"SkillsFundingAgency/das-funding-system-acceptance-tests",SkillsFundingAgency,"das-funding-system-acceptance-tests"
"SkillsFundingAgency/das-github-template",SkillsFundingAgency,"das-github-template"
"SkillsFundingAgency/das-github-toolkit",SkillsFundingAgency,"das-github-toolkit"
"SkillsFundingAgency/das-grafana",SkillsFundingAgency,"das-grafana"
"SkillsFundingAgency/das-identify-data-locks",SkillsFundingAgency,"das-identify-data-locks"
"SkillsFundingAgency/das-incentive-pay-prototype",SkillsFundingAgency,"das-incentive-pay-prototype"
"SkillsFundingAgency/das-learner-verification-api",SkillsFundingAgency,"das-learner-verification-api"
"SkillsFundingAgency/das-levy-transfer-matching-api",SkillsFundingAgency,"das-levy-transfer-matching-api"
"SkillsFundingAgency/das-levy-transfer-matching-functions",SkillsFundingAgency,"das-levy-transfer-matching-functions"
"SkillsFundingAgency/das-levy-transfer-matching-prototype",SkillsFundingAgency,"das-levy-transfer-matching-prototype"
"SkillsFundingAgency/das-levy-transfer-matching-web",SkillsFundingAgency,"das-levy-transfer-matching-web"
"SkillsFundingAgency/das-location-api",SkillsFundingAgency,"das-location-api"
"SkillsFundingAgency/das-login-service",SkillsFundingAgency,"das-login-service"
"SkillsFundingAgency/das-logstash-exporter",SkillsFundingAgency,"das-logstash-exporter"
"SkillsFundingAgency/das-maintenance-pages",SkillsFundingAgency,"das-maintenance-pages"
"SkillsFundingAgency/das-notifications",SkillsFundingAgency,"das-notifications"
"SkillsFundingAgency/das-ofsted-inspection-client",SkillsFundingAgency,"das-ofsted-inspection-client"
"SkillsFundingAgency/das-onboarding",SkillsFundingAgency,"das-onboarding"
"SkillsFundingAgency/das-payments-V2",SkillsFundingAgency,"das-payments-V2"
"SkillsFundingAgency/das-payments-V2-POC",SkillsFundingAgency,"das-payments-V2-POC"
"SkillsFundingAgency/das-payments-V2-matched-learner",SkillsFundingAgency,"das-payments-V2-matched-learner"
"SkillsFundingAgency/das-payments-V2-spec",SkillsFundingAgency,"das-payments-V2-spec"
"SkillsFundingAgency/das-payments-v2-testtools",SkillsFundingAgency,"das-payments-v2-testtools"
"SkillsFundingAgency/das-payments-v2-validation",SkillsFundingAgency,"das-payments-v2-validation"
"SkillsFundingAgency/das-paymentsacceptancetesting",SkillsFundingAgency,"das-paymentsacceptancetesting"
"SkillsFundingAgency/das-paymentscommon",SkillsFundingAgency,"das-paymentscommon"
"SkillsFundingAgency/das-pensionsregulator",SkillsFundingAgency,"das-pensionsregulator"
"SkillsFundingAgency/das-platform-automation",SkillsFundingAgency,"das-platform-automation"
"SkillsFundingAgency/das-platform-building-blocks",SkillsFundingAgency,"das-platform-building-blocks"
"SkillsFundingAgency/das-platform-monitoring-jobs",SkillsFundingAgency,"das-platform-monitoring-jobs"
"SkillsFundingAgency/das-poc-matching",SkillsFundingAgency,"das-poc-matching"
"SkillsFundingAgency/das-provide-feedback-employer",SkillsFundingAgency,"das-provide-feedback-employer"
"SkillsFundingAgency/das-provider-funding-web",SkillsFundingAgency,"das-provider-funding-web"
"SkillsFundingAgency/das-provider-registrations",SkillsFundingAgency,"das-provider-registrations"
"SkillsFundingAgency/das-provider-relationships",SkillsFundingAgency,"das-provider-relationships"
"SkillsFundingAgency/das-providerapprenticeshipsservice",SkillsFundingAgency,"das-providerapprenticeshipsservice"
"SkillsFundingAgency/das-providercommitments",SkillsFundingAgency,"das-providercommitments"
"SkillsFundingAgency/das-providerevents",SkillsFundingAgency,"das-providerevents"
"SkillsFundingAgency/das-public-sector-reporting",SkillsFundingAgency,"das-public-sector-reporting"
"SkillsFundingAgency/das-qna-api",SkillsFundingAgency,"das-qna-api"
"SkillsFundingAgency/das-qna-config",SkillsFundingAgency,"das-qna-config"
"SkillsFundingAgency/das-qna-config-preview",SkillsFundingAgency,"das-qna-config-preview"
"SkillsFundingAgency/das-quality-feedback-prototype",SkillsFundingAgency,"das-quality-feedback-prototype"
"SkillsFundingAgency/das-recruit",SkillsFundingAgency,"das-recruit"
"SkillsFundingAgency/das-recruit-prototype",SkillsFundingAgency,"das-recruit-prototype"
"SkillsFundingAgency/das-referencedata",SkillsFundingAgency,"das-referencedata"
"SkillsFundingAgency/das-reservations",SkillsFundingAgency,"das-reservations"
"SkillsFundingAgency/das-reservations-api",SkillsFundingAgency,"das-reservations-api"
"SkillsFundingAgency/das-reservations-jobs",SkillsFundingAgency,"das-reservations-jobs"
"SkillsFundingAgency/das-roatp-api",SkillsFundingAgency,"das-roatp-api"
"SkillsFundingAgency/das-roatp-assessor",SkillsFundingAgency,"das-roatp-assessor"
"SkillsFundingAgency/das-roatp-coursemanagement-web",SkillsFundingAgency,"das-roatp-coursemanagement-web"
"SkillsFundingAgency/das-roatp-finance",SkillsFundingAgency,"das-roatp-finance"
"SkillsFundingAgency/das-roatp-functions",SkillsFundingAgency,"das-roatp-functions"
"SkillsFundingAgency/das-roatp-gateway",SkillsFundingAgency,"das-roatp-gateway"
"SkillsFundingAgency/das-roatp-oversight",SkillsFundingAgency,"das-roatp-oversight"
"SkillsFundingAgency/das-roatp-providermoderation-web",SkillsFundingAgency,"das-roatp-providermoderation-web"
"SkillsFundingAgency/das-roatp-service",SkillsFundingAgency,"das-roatp-service"
"SkillsFundingAgency/das-rofjaa-api",SkillsFundingAgency,"das-rofjaa-api"
"SkillsFundingAgency/das-secure-message-service",SkillsFundingAgency,"das-secure-message-service"
"SkillsFundingAgency/das-servicebus-error-exporter",SkillsFundingAgency,"das-servicebus-error-exporter"
"SkillsFundingAgency/das-servicebus-tools",SkillsFundingAgency,"das-servicebus-tools"
"SkillsFundingAgency/das-shared-infrastructure",SkillsFundingAgency,"das-shared-infrastructure"
"SkillsFundingAgency/das-shared-packages",SkillsFundingAgency,"das-shared-packages"
"SkillsFundingAgency/das-shortlist-api",SkillsFundingAgency,"das-shortlist-api"
"SkillsFundingAgency/das-status-cake-exporter",SkillsFundingAgency,"das-status-cake-exporter"
"SkillsFundingAgency/das-support-console-prototype",SkillsFundingAgency,"das-support-console-prototype"
"SkillsFundingAgency/das-support-portal",SkillsFundingAgency,"das-support-portal"
"SkillsFundingAgency/das-tasks",SkillsFundingAgency,"das-tasks"
"SkillsFundingAgency/das-technical-guidance",SkillsFundingAgency,"das-technical-guidance"
"SkillsFundingAgency/das-technical-tests",SkillsFundingAgency,"das-technical-tests"
"SkillsFundingAgency/das-tokenservice",SkillsFundingAgency,"das-tokenservice"
"SkillsFundingAgency/das-tools-notifications",SkillsFundingAgency,"das-tools-notifications"
"SkillsFundingAgency/das-tools-service",SkillsFundingAgency,"das-tools-service"
"SkillsFundingAgency/das-tools-servicebus-support",SkillsFundingAgency,"das-tools-servicebus-support"
"SkillsFundingAgency/das-tools-support",SkillsFundingAgency,"das-tools-support"
"SkillsFundingAgency/das-trackprogress-api",SkillsFundingAgency,"das-trackprogress-api"
"SkillsFundingAgency/das-trackprogress-jobs",SkillsFundingAgency,"das-trackprogress-jobs"
"SkillsFundingAgency/das-training-provider-prototype",SkillsFundingAgency,"das-training-provider-prototype"
"SkillsFundingAgency/das-transfers-test-plan-alpha",SkillsFundingAgency,"das-transfers-test-plan-alpha"
"SkillsFundingAgency/das-ufab-prototype",SkillsFundingAgency,"das-ufab-prototype"
"SkillsFundingAgency/das-vacancy-analytics",SkillsFundingAgency,"das-vacancy-analytics"
"SkillsFundingAgency/das-vacancyservices-functions",SkillsFundingAgency,"das-vacancyservices-functions"
"SkillsFundingAgency/das-verified-uln-generator-api",SkillsFundingAgency,"das-verified-uln-generator-api"
"SkillsFundingAgency/das-zendesk-guide-theme",SkillsFundingAgency,"das-zendesk-guide-theme"
"SkillsFundingAgency/das-zendesk-monitor",SkillsFundingAgency,"das-zendesk-monitor"
"SkillsFundingAgency/devops-automation",SkillsFundingAgency,"devops-automation"
"SkillsFundingAgency/dfc-api-appRegistry",SkillsFundingAgency,"dfc-api-appRegistry"
"SkillsFundingAgency/dfc-api-content",SkillsFundingAgency,"dfc-api-content"
"SkillsFundingAgency/dfc-api-discoverskillsandcareers",SkillsFundingAgency,"dfc-api-discoverskillsandcareers"
"SkillsFundingAgency/dfc-api-eventgridsubscriptions",SkillsFundingAgency,"dfc-api-eventgridsubscriptions"
"SkillsFundingAgency/dfc-api-functional-tests",SkillsFundingAgency,"dfc-api-functional-tests"
"SkillsFundingAgency/dfc-api-integration-tests",SkillsFundingAgency,"dfc-api-integration-tests"
"SkillsFundingAgency/dfc-api-jobprofiles",SkillsFundingAgency,"dfc-api-jobprofiles"
"SkillsFundingAgency/dfc-api-lmi-delta-report",SkillsFundingAgency,"dfc-api-lmi-delta-report"
"SkillsFundingAgency/dfc-api-lmi-import",SkillsFundingAgency,"dfc-api-lmi-import"
"SkillsFundingAgency/dfc-api-lmi-transformation",SkillsFundingAgency,"dfc-api-lmi-transformation"
"SkillsFundingAgency/dfc-api-location",SkillsFundingAgency,"dfc-api-location"
"SkillsFundingAgency/dfc-api-visits",SkillsFundingAgency,"dfc-api-visits"
"SkillsFundingAgency/dfc-app-account",SkillsFundingAgency,"dfc-app-account"
"SkillsFundingAgency/dfc-app-actionplans",SkillsFundingAgency,"dfc-app-actionplans"
"SkillsFundingAgency/dfc-app-banners",SkillsFundingAgency,"dfc-app-banners"
"SkillsFundingAgency/dfc-app-careerpath",SkillsFundingAgency,"dfc-app-careerpath"
"SkillsFundingAgency/dfc-app-contactus",SkillsFundingAgency,"dfc-app-contactus"
"SkillsFundingAgency/dfc-app-discoverskillsandcareers",SkillsFundingAgency,"dfc-app-discoverskillsandcareers"
"SkillsFundingAgency/dfc-app-explorecareers",SkillsFundingAgency,"dfc-app-explorecareers"
"SkillsFundingAgency/dfc-app-findacourse",SkillsFundingAgency,"dfc-app-findacourse"
"SkillsFundingAgency/dfc-app-howtobecome",SkillsFundingAgency,"dfc-app-howtobecome"
"SkillsFundingAgency/dfc-app-jobgroups",SkillsFundingAgency,"dfc-app-jobgroups"
"SkillsFundingAgency/dfc-app-jobprofile-currentopportunities",SkillsFundingAgency,"dfc-app-jobprofile-currentopportunities"
"SkillsFundingAgency/dfc-app-jobprofile-overview",SkillsFundingAgency,"dfc-app-jobprofile-overview"
"SkillsFundingAgency/dfc-app-jobprofile-skills",SkillsFundingAgency,"dfc-app-jobprofile-skills"
"SkillsFundingAgency/dfc-app-jobprofile-tasks",SkillsFundingAgency,"dfc-app-jobprofile-tasks"
"SkillsFundingAgency/dfc-app-jobprofiles",SkillsFundingAgency,"dfc-app-jobprofiles"
"SkillsFundingAgency/dfc-app-lmi-delta-report",SkillsFundingAgency,"dfc-app-lmi-delta-report"
"SkillsFundingAgency/dfc-app-pages",SkillsFundingAgency,"dfc-app-pages"
"SkillsFundingAgency/dfc-app-relatedcareers",SkillsFundingAgency,"dfc-app-relatedcareers"
"SkillsFundingAgency/dfc-app-sharedresources",SkillsFundingAgency,"dfc-app-sharedresources"
"SkillsFundingAgency/dfc-app-skillshealthcheck",SkillsFundingAgency,"dfc-app-skillshealthcheck"
"SkillsFundingAgency/dfc-app-triagetool",SkillsFundingAgency,"dfc-app-triagetool"
"SkillsFundingAgency/dfc-azure-monitor-to-slack",SkillsFundingAgency,"dfc-azure-monitor-to-slack"
"SkillsFundingAgency/dfc-azuresql-pkg-netstandard",SkillsFundingAgency,"dfc-azuresql-pkg-netstandard"
"SkillsFundingAgency/dfc-common-pkg-netstandard",SkillsFundingAgency,"dfc-common-pkg-netstandard"
"SkillsFundingAgency/dfc-composite-healthmonitor",SkillsFundingAgency,"dfc-composite-healthmonitor"
"SkillsFundingAgency/dfc-composite-sharedresources",SkillsFundingAgency,"dfc-composite-sharedresources"
"SkillsFundingAgency/dfc-composite-shell",SkillsFundingAgency,"dfc-composite-shell"
"SkillsFundingAgency/dfc-composite-sitemapsubmission",SkillsFundingAgency,"dfc-composite-sitemapsubmission"
"SkillsFundingAgency/dfc-compui-app-template",SkillsFundingAgency,"dfc-compui-app-template"
"SkillsFundingAgency/dfc-compui-cosmos-pkg-netstandard",SkillsFundingAgency,"dfc-compui-cosmos-pkg-netstandard"
"SkillsFundingAgency/dfc-compui-sessionstate-pkg-netstandard",SkillsFundingAgency,"dfc-compui-sessionstate-pkg-netstandard"
"SkillsFundingAgency/dfc-compui-subscriptions-pkg-netstandard",SkillsFundingAgency,"dfc-compui-subscriptions-pkg-netstandard"
"SkillsFundingAgency/dfc-compui-telemetry-pkg-netstandard",SkillsFundingAgency,"dfc-compui-telemetry-pkg-netstandard"
"SkillsFundingAgency/dfc-compui-testautomation-pkg-netcore",SkillsFundingAgency,"dfc-compui-testautomation-pkg-netcore"
"SkillsFundingAgency/dfc-config-pkg-framework",SkillsFundingAgency,"dfc-config-pkg-framework"
"SkillsFundingAgency/dfc-config-pkg-netstandard",SkillsFundingAgency,"dfc-config-pkg-netstandard"
"SkillsFundingAgency/dfc-content-pkg-netcore",SkillsFundingAgency,"dfc-content-pkg-netcore"
"SkillsFundingAgency/dfc-coursedata-enrichment",SkillsFundingAgency,"dfc-coursedata-enrichment"
"SkillsFundingAgency/dfc-coursedirectory",SkillsFundingAgency,"dfc-coursedirectory"
"SkillsFundingAgency/dfc-coursedirectory-datafactory",SkillsFundingAgency,"dfc-coursedirectory-datafactory"
"SkillsFundingAgency/dfc-dependencyinjection-pkg-functions-netstandard",SkillsFundingAgency,"dfc-dependencyinjection-pkg-functions-netstandard"
"SkillsFundingAgency/dfc-devops",SkillsFundingAgency,"dfc-devops"
"SkillsFundingAgency/dfc-devops-cosmosdb",SkillsFundingAgency,"dfc-devops-cosmosdb"
"SkillsFundingAgency/dfc-devops-database",SkillsFundingAgency,"dfc-devops-database"
"SkillsFundingAgency/dfc-digital",SkillsFundingAgency,"dfc-digital"
"SkillsFundingAgency/dfc-digital-assets",SkillsFundingAgency,"dfc-digital-assets"
"SkillsFundingAgency/dfc-digital-prototype",SkillsFundingAgency,"dfc-digital-prototype"
"SkillsFundingAgency/dfc-digital-tools",SkillsFundingAgency,"dfc-digital-tools"
"SkillsFundingAgency/dfc-digitial-loadtest",SkillsFundingAgency,"dfc-digitial-loadtest"
"SkillsFundingAgency/dfc-discoverskillsandcareers",SkillsFundingAgency,"dfc-discoverskillsandcareers"
"SkillsFundingAgency/dfc-docker-hosted-agent",SkillsFundingAgency,"dfc-docker-hosted-agent"
"SkillsFundingAgency/dfc-eventstore",SkillsFundingAgency,"dfc-eventstore"
"SkillsFundingAgency/dfc-externaldata-uploader",SkillsFundingAgency,"dfc-externaldata-uploader"
"SkillsFundingAgency/dfc-findacourseclient-pkg-netstandard",SkillsFundingAgency,"dfc-findacourseclient-pkg-netstandard"
"SkillsFundingAgency/dfc-frontend-patterns",SkillsFundingAgency,"dfc-frontend-patterns"
"SkillsFundingAgency/dfc-futureaccessmodel-arearouting",SkillsFundingAgency,"dfc-futureaccessmodel-arearouting"
"SkillsFundingAgency/dfc-futureaccessmodel-localauthorities",SkillsFundingAgency,"dfc-futureaccessmodel-localauthorities"
"SkillsFundingAgency/dfc-futureaccessmodel-shared",SkillsFundingAgency,"dfc-futureaccessmodel-shared"
"SkillsFundingAgency/dfc-geocoding-pkg-netstandard",SkillsFundingAgency,"dfc-geocoding-pkg-netstandard"
"SkillsFundingAgency/dfc-github-template",SkillsFundingAgency,"dfc-github-template"
"SkillsFundingAgency/dfc-grafana",SkillsFundingAgency,"dfc-grafana"
"SkillsFundingAgency/dfc-htmltodatatranslator-pkg-netstandard",SkillsFundingAgency,"dfc-htmltodatatranslator-pkg-netstandard"
"SkillsFundingAgency/dfc-http-pkg-netstandard",SkillsFundingAgency,"dfc-http-pkg-netstandard"
"SkillsFundingAgency/dfc-integration-faa",SkillsFundingAgency,"dfc-integration-faa"
"SkillsFundingAgency/dfc-json-pkg-netstandard",SkillsFundingAgency,"dfc-json-pkg-netstandard"
"SkillsFundingAgency/dfc-logger-appinsights-pkg-netstandard",SkillsFundingAgency,"dfc-logger-appinsights-pkg-netstandard"
"SkillsFundingAgency/dfc-monitor-shared",SkillsFundingAgency,"dfc-monitor-shared"
"SkillsFundingAgency/dfc-notify-pkg",SkillsFundingAgency,"dfc-notify-pkg"
"SkillsFundingAgency/dfc-personalisation-common-pkg-netcore",SkillsFundingAgency,"dfc-personalisation-common-pkg-netcore"
"SkillsFundingAgency/dfc-personalisation-common-ui-pkg-netcore",SkillsFundingAgency,"dfc-personalisation-common-ui-pkg-netcore"
"SkillsFundingAgency/dfc-personalisation-domain-pkg-netcore",SkillsFundingAgency,"dfc-personalisation-domain-pkg-netcore"
"SkillsFundingAgency/dfc-personalisation-sharedresources",SkillsFundingAgency,"dfc-personalisation-sharedresources"
"SkillsFundingAgency/dfc-prototype",SkillsFundingAgency,"dfc-prototype"
"SkillsFundingAgency/dfc-providerportal",SkillsFundingAgency,"dfc-providerportal"
"SkillsFundingAgency/dfc-providerportal-FAC-prototypes",SkillsFundingAgency,"dfc-providerportal-FAC-prototypes"
"SkillsFundingAgency/dfc-providerportal-apprenticeships",SkillsFundingAgency,"dfc-providerportal-apprenticeships"
"SkillsFundingAgency/dfc-providerportal-automatedtests",SkillsFundingAgency,"dfc-providerportal-automatedtests"
"SkillsFundingAgency/dfc-providerportal-changefeedsqlprocessor",SkillsFundingAgency,"dfc-providerportal-changefeedsqlprocessor"
"SkillsFundingAgency/dfc-providerportal-coursedirectory",SkillsFundingAgency,"dfc-providerportal-coursedirectory"
"SkillsFundingAgency/dfc-providerportal-coursedirectory-reporting",SkillsFundingAgency,"dfc-providerportal-coursedirectory-reporting"
"SkillsFundingAgency/dfc-providerportal-courses",SkillsFundingAgency,"dfc-providerportal-courses"
"SkillsFundingAgency/dfc-providerportal-coursetext",SkillsFundingAgency,"dfc-providerportal-coursetext"
"SkillsFundingAgency/dfc-providerportal-fatprocessor",SkillsFundingAgency,"dfc-providerportal-fatprocessor"
"SkillsFundingAgency/dfc-providerportal-fileprocessor",SkillsFundingAgency,"dfc-providerportal-fileprocessor"
"SkillsFundingAgency/dfc-providerportal-filevalidator",SkillsFundingAgency,"dfc-providerportal-filevalidator"
"SkillsFundingAgency/dfc-providerportal-findacourse",SkillsFundingAgency,"dfc-providerportal-findacourse"
"SkillsFundingAgency/dfc-providerportal-findanapprenticeship",SkillsFundingAgency,"dfc-providerportal-findanapprenticeship"
"SkillsFundingAgency/dfc-providerportal-fnapps",SkillsFundingAgency,"dfc-providerportal-fnapps"
"SkillsFundingAgency/dfc-providerportal-golive-support",SkillsFundingAgency,"dfc-providerportal-golive-support"
"SkillsFundingAgency/dfc-providerportal-lars",SkillsFundingAgency,"dfc-providerportal-lars"
"SkillsFundingAgency/dfc-providerportal-lars-learningdelivery",SkillsFundingAgency,"dfc-providerportal-lars-learningdelivery"
"SkillsFundingAgency/dfc-providerportal-midatabase",SkillsFundingAgency,"dfc-providerportal-midatabase"
"SkillsFundingAgency/dfc-providerportal-migrationconsole",SkillsFundingAgency,"dfc-providerportal-migrationconsole"
"SkillsFundingAgency/dfc-providerportal-models",SkillsFundingAgency,"dfc-providerportal-models"
"SkillsFundingAgency/dfc-providerportal-monitoring",SkillsFundingAgency,"dfc-providerportal-monitoring"
"SkillsFundingAgency/dfc-providerportal-packages",SkillsFundingAgency,"dfc-providerportal-packages"
"SkillsFundingAgency/dfc-providerportal-postcode",SkillsFundingAgency,"dfc-providerportal-postcode"
"SkillsFundingAgency/dfc-providerportal-prototypes",SkillsFundingAgency,"dfc-providerportal-prototypes"
"SkillsFundingAgency/dfc-providerportal-referencedata",SkillsFundingAgency,"dfc-providerportal-referencedata"
"SkillsFundingAgency/dfc-providerportal-sharedresources",SkillsFundingAgency,"dfc-providerportal-sharedresources"
"SkillsFundingAgency/dfc-providerportal-tribalexporter",SkillsFundingAgency,"dfc-providerportal-tribalexporter"
"SkillsFundingAgency/dfc-providerportal-tribalimporter",SkillsFundingAgency,"dfc-providerportal-tribalimporter"
"SkillsFundingAgency/dfc-providerportal-ukrlp",SkillsFundingAgency,"dfc-providerportal-ukrlp"
"SkillsFundingAgency/dfc-providerportal-unistat",SkillsFundingAgency,"dfc-providerportal-unistat"
"SkillsFundingAgency/dfc-providerportal-venues",SkillsFundingAgency,"dfc-providerportal-venues"
"SkillsFundingAgency/dfc-servicetaxonomy-database",SkillsFundingAgency,"dfc-servicetaxonomy-database"
"SkillsFundingAgency/dfc-servicetaxonomy-editor",SkillsFundingAgency,"dfc-servicetaxonomy-editor"
"SkillsFundingAgency/dfc-servicetaxonomy-shared",SkillsFundingAgency,"dfc-servicetaxonomy-shared"
"SkillsFundingAgency/dfc-servicetaxonomy-tests",SkillsFundingAgency,"dfc-servicetaxonomy-tests"
"SkillsFundingAgency/dfc-session-pkg-netstandard",SkillsFundingAgency,"dfc-session-pkg-netstandard"
"SkillsFundingAgency/dfc-shared",SkillsFundingAgency,"dfc-shared"
"SkillsFundingAgency/dfc-shared-agwaf",SkillsFundingAgency,"dfc-shared-agwaf"
"SkillsFundingAgency/dfc-shared-aks-appgateway",SkillsFundingAgency,"dfc-shared-aks-appgateway"
"SkillsFundingAgency/dfc-shared-appgateway",SkillsFundingAgency,"dfc-shared-appgateway"
"SkillsFundingAgency/dfc-shared-owasp",SkillsFundingAgency,"dfc-shared-owasp"
"SkillsFundingAgency/dfc-sharedconfig-pkg-netstandard",SkillsFundingAgency,"dfc-sharedconfig-pkg-netstandard"
"SkillsFundingAgency/dfc-sitefinity-import-export-tool",SkillsFundingAgency,"dfc-sitefinity-import-export-tool"
"SkillsFundingAgency/dfc-swagger-pkg-functions-netstandard",SkillsFundingAgency,"dfc-swagger-pkg-functions-netstandard"
"SkillsFundingAgency/dfc-tribal-skillsfundingagency",SkillsFundingAgency,"dfc-tribal-skillsfundingagency"
"SkillsFundingAgency/dfc-ui-automation-test-suite",SkillsFundingAgency,"dfc-ui-automation-test-suite"
"SkillsFundingAgency/dss-actionplans",SkillsFundingAgency,"dss-actionplans"
"SkillsFundingAgency/dss-actions",SkillsFundingAgency,"dss-actions"
"SkillsFundingAgency/dss-address",SkillsFundingAgency,"dss-address"
"SkillsFundingAgency/dss-adviserdetails",SkillsFundingAgency,"dss-adviserdetails"
"SkillsFundingAgency/dss-anonymise",SkillsFundingAgency,"dss-anonymise"
"SkillsFundingAgency/dss-appointment",SkillsFundingAgency,"dss-appointment"
"SkillsFundingAgency/dss-azuresearchutility",SkillsFundingAgency,"dss-azuresearchutility"
"SkillsFundingAgency/dss-central",SkillsFundingAgency,"dss-central"
"SkillsFundingAgency/dss-changefeedlistener",SkillsFundingAgency,"dss-changefeedlistener"
"SkillsFundingAgency/dss-changefeedsqlprocessor",SkillsFundingAgency,"dss-changefeedsqlprocessor"
"SkillsFundingAgency/dss-collections",SkillsFundingAgency,"dss-collections"
"SkillsFundingAgency/dss-contact",SkillsFundingAgency,"dss-contact"
"SkillsFundingAgency/dss-contentenhancer",SkillsFundingAgency,"dss-contentenhancer"
"SkillsFundingAgency/dss-contentpushservice",SkillsFundingAgency,"dss-contentpushservice"
"SkillsFundingAgency/dss-customer",SkillsFundingAgency,"dss-customer"
"SkillsFundingAgency/dss-devops",SkillsFundingAgency,"dss-devops"
"SkillsFundingAgency/dss-digitalidentity",SkillsFundingAgency,"dss-digitalidentity"
"SkillsFundingAgency/dss-diversity",SkillsFundingAgency,"dss-diversity"
"SkillsFundingAgency/dss-employmentprogression",SkillsFundingAgency,"dss-employmentprogression"
"SkillsFundingAgency/dss-functionaltests",SkillsFundingAgency,"dss-functionaltests"
"SkillsFundingAgency/dss-goals",SkillsFundingAgency,"dss-goals"
"SkillsFundingAgency/dss-interaction",SkillsFundingAgency,"dss-interaction"
"SkillsFundingAgency/dss-ipsosmori",SkillsFundingAgency,"dss-ipsosmori"
"SkillsFundingAgency/dss-learningprogression",SkillsFundingAgency,"dss-learningprogression"
"SkillsFundingAgency/dss-notifications-viewer",SkillsFundingAgency,"dss-notifications-viewer"
"SkillsFundingAgency/dss-notificationslistener",SkillsFundingAgency,"dss-notificationslistener"
"SkillsFundingAgency/dss-outcomes",SkillsFundingAgency,"dss-outcomes"
"SkillsFundingAgency/dss-sessions",SkillsFundingAgency,"dss-sessions"
"SkillsFundingAgency/dss-stagingdatabase",SkillsFundingAgency,"dss-stagingdatabase"
"SkillsFundingAgency/dss-subscriptions",SkillsFundingAgency,"dss-subscriptions"
"SkillsFundingAgency/dss-transfer",SkillsFundingAgency,"dss-transfer"
"SkillsFundingAgency/dss-versioningspike",SkillsFundingAgency,"dss-versioningspike"
"SkillsFundingAgency/dss-webchats",SkillsFundingAgency,"dss-webchats"
"SkillsFundingAgency/fechoices-api",SkillsFundingAgency,"fechoices-api"
"SkillsFundingAgency/funding-platform-building-blocks",SkillsFundingAgency,"funding-platform-building-blocks"
"SkillsFundingAgency/hmrc-apprenticeship-levy-api-client",SkillsFundingAgency,"hmrc-apprenticeship-levy-api-client"
"SkillsFundingAgency/irt-prototype",SkillsFundingAgency,"irt-prototype"
"SkillsFundingAgency/myesf-doc-ex-internal",SkillsFundingAgency,"myesf-doc-ex-internal"
"SkillsFundingAgency/myesf-doc-ex-internal-design-history",SkillsFundingAgency,"myesf-doc-ex-internal-design-history"
"SkillsFundingAgency/pds-azurefunction-fundingfeedreader",SkillsFundingAgency,"pds-azurefunction-fundingfeedreader"
"SkillsFundingAgency/pds-contracts-data-api",SkillsFundingAgency,"pds-contracts-data-api"
"SkillsFundingAgency/pds-contracts-data-api-client",SkillsFundingAgency,"pds-contracts-data-api-client"
"SkillsFundingAgency/pds-contracts-func-approver",SkillsFundingAgency,"pds-contracts-func-approver"
"SkillsFundingAgency/pds-contracts-func-contract-processor",SkillsFundingAgency,"pds-contracts-func-contract-processor"
"SkillsFundingAgency/pds-contracts-func-feed-processor",SkillsFundingAgency,"pds-contracts-func-feed-processor"
"SkillsFundingAgency/pds-contracts-func-load-testing",SkillsFundingAgency,"pds-contracts-func-load-testing"
"SkillsFundingAgency/pds-contracts-func-notifier",SkillsFundingAgency,"pds-contracts-func-notifier"
"SkillsFundingAgency/pds-shared-audit-api",SkillsFundingAgency,"pds-shared-audit-api"
"SkillsFundingAgency/sfs-sitedesign",SkillsFundingAgency,"sfs-sitedesign"
"SkillsFundingAgency/sfs-sitedesign-ToolkitBeta",SkillsFundingAgency,"sfs-sitedesign-ToolkitBeta"
"SkillsFundingAgency/test-test-api",SkillsFundingAgency,"test-test-api"
"SkillsFundingAgency/tl-employersupport",SkillsFundingAgency,"tl-employersupport"
"SkillsFundingAgency/tl-employersupport-ecrm-poc",SkillsFundingAgency,"tl-employersupport-ecrm-poc"
"SkillsFundingAgency/tl-employersupport-prototype",SkillsFundingAgency,"tl-employersupport-prototype"
"SkillsFundingAgency/tl-find-provider-api",SkillsFundingAgency,"tl-find-provider-api"
"SkillsFundingAgency/tl-marketing-and-communication",SkillsFundingAgency,"tl-marketing-and-communication"
"SkillsFundingAgency/tl-marketing-and-communication-prototype",SkillsFundingAgency,"tl-marketing-and-communication-prototype"
"SkillsFundingAgency/tl-matching",SkillsFundingAgency,"tl-matching"
"SkillsFundingAgency/tl-matching-automation-suite",SkillsFundingAgency,"tl-matching-automation-suite"
"SkillsFundingAgency/tl-onboarding",SkillsFundingAgency,"tl-onboarding"
"SkillsFundingAgency/tl-onboarding-prototype",SkillsFundingAgency,"tl-onboarding-prototype"
"SkillsFundingAgency/tl-platform-automation",SkillsFundingAgency,"tl-platform-automation"
"SkillsFundingAgency/tl-platform-building-blocks",SkillsFundingAgency,"tl-platform-building-blocks"
"SkillsFundingAgency/tl-poc-results-and-certification",SkillsFundingAgency,"tl-poc-results-and-certification"
"SkillsFundingAgency/tl-results-and-certification",SkillsFundingAgency,"tl-results-and-certification"
"SkillsFundingAgency/tl-results-and-certification-automation-suite",SkillsFundingAgency,"tl-results-and-certification-automation-suite"
"SkillsFundingAgency/tl-results-prototype",SkillsFundingAgency,"tl-results-prototype"
"SkillsFundingAgency/tl-servicehome",SkillsFundingAgency,"tl-servicehome"
"SkillsFundingAgency/tl-shared-infrastructure",SkillsFundingAgency,"tl-shared-infrastructure"
"dfe-analytical-services/.github","dfe-analytical-services",".github"
"dfe-analytical-services/DfE-MoJ-data-share-local-analysis","dfe-analytical-services","DfE-MoJ-data-share-local-analysis"
"dfe-analytical-services/KS4-ready-reckoners","dfe-analytical-services","KS4-ready-reckoners"
"dfe-analytical-services/LEO-earnings-dashboard","dfe-analytical-services","LEO-earnings-dashboard"
"dfe-analytical-services/LSIPDashboard","dfe-analytical-services",LSIPDashboard
"dfe-analytical-services/OBSM-industry","dfe-analytical-services","OBSM-industry"
"dfe-analytical-services/RforRAP_workshop_materials","dfe-analytical-services","RforRAP_workshop_materials"
"dfe-analytical-services/Transition-matrices-dashboard","dfe-analytical-services","Transition-matrices-dashboard"
"dfe-analytical-services/apprenticeships-industry","dfe-analytical-services","apprenticeships-industry"
"dfe-analytical-services/attainment-age-19","dfe-analytical-services","attainment-age-19"
"dfe-analytical-services/attendance-data-dashboard","dfe-analytical-services","attendance-data-dashboard"
"dfe-analytical-services/automated-data-qa","dfe-analytical-services","automated-data-qa"
"dfe-analytical-services/awayday-livecodingdemo","dfe-analytical-services","awayday-livecodingdemo"
"dfe-analytical-services/azure-devops-for-analysis","dfe-analytical-services","azure-devops-for-analysis"
"dfe-analytical-services/build-a-dashboard-in-30mins","dfe-analytical-services","build-a-dashboard-in-30mins"
"dfe-analytical-services/childrens_social_services_offenders_dashboard","dfe-analytical-services","childrens_social_services_offenders_dashboard"
"dfe-analytical-services/coffee-and-coding","dfe-analytical-services","coffee-and-coding"
"dfe-analytical-services/content-review","dfe-analytical-services","content-review"
"dfe-analytical-services/create-ees-data-tool","dfe-analytical-services","create-ees-data-tool"
"dfe-analytical-services/dfe-awayday-demo-prep","dfe-analytical-services","dfe-awayday-demo-prep"
"dfe-analytical-services/dfe-data-dissemination","dfe-analytical-services","dfe-data-dissemination"
"dfe-analytical-services/dfe-published-data-qa","dfe-analytical-services","dfe-published-data-qa"
"dfe-analytical-services/dfe-pupil-attendance-demo-lamap","dfe-analytical-services","dfe-pupil-attendance-demo-lamap"
"dfe-analytical-services/dfe-pupil-attendance-demo-reasons","dfe-analytical-services","dfe-pupil-attendance-demo-reasons"
"dfe-analytical-services/dfe-pupil-attendance-demo-reasons-recent-table","dfe-analytical-services","dfe-pupil-attendance-demo-reasons-recent-table"
"dfe-analytical-services/dfe-pupil-attendance-demo-reasons-table","dfe-analytical-services","dfe-pupil-attendance-demo-reasons-table"
"dfe-analytical-services/dfe-stats-production-guidance","dfe-analytical-services","dfe-stats-production-guidance"
"dfe-analytical-services/dfe-statsawayday-demo-prep-2","dfe-analytical-services","dfe-statsawayday-demo-prep-2"
"dfe-analytical-services/dfe-statsawaydemo-3","dfe-analytical-services","dfe-statsawaydemo-3"
"dfe-analytical-services/dfe-tiny-shiny","dfe-analytical-services","dfe-tiny-shiny"
"dfe-analytical-services/dfePy","dfe-analytical-services",dfePy
"dfe-analytical-services/dfeR","dfe-analytical-services",dfeR
"dfe-analytical-services/education-to-employment-dashboard","dfe-analytical-services","education-to-employment-dashboard"
"dfe-analytical-services/ees-data-screener","dfe-analytical-services","ees-data-screener"
"dfe-analytical-services/ees-test-data","dfe-analytical-services","ees-test-data"
"dfe-analytical-services/ees-ui-tests-shiny-embed-example","dfe-analytical-services","ees-ui-tests-shiny-embed-example"
"dfe-analytical-services/excel-to-R","dfe-analytical-services","excel-to-R"
"dfe-analytical-services/exclusion-statistics","dfe-analytical-services","exclusion-statistics"
"dfe-analytical-services/explore-education-statistics","dfe-analytical-services","explore-education-statistics"
"dfe-analytical-services/explore-education-statistics-api-docs","dfe-analytical-services","explore-education-statistics-api-docs"
"dfe-analytical-services/explore-education-statistics-api-mock","dfe-analytical-services","explore-education-statistics-api-mock"
"dfe-analytical-services/fe-apprenticeship-statistics","dfe-analytical-services","fe-apprenticeship-statistics"
"dfe-analytical-services/fe-outcome-success","dfe-analytical-services","fe-outcome-success"
"dfe-analytical-services/good-code-practice","dfe-analytical-services","good-code-practice"
"dfe-analytical-services/govuk-publication-scrape","dfe-analytical-services","govuk-publication-scrape"
"dfe-analytical-services/graduate-labour-market-statistcs","dfe-analytical-services","graduate-labour-market-statistcs"
"dfe-analytical-services/how-to-qa","dfe-analytical-services","how-to-qa"
"dfe-analytical-services/ks5-timeseries-attainment-and-single-year-entries","dfe-analytical-services","ks5-timeseries-attainment-and-single-year-entries"
"dfe-analytical-services/ks5-transition-matrices","dfe-analytical-services","ks5-transition-matrices"
"dfe-analytical-services/la-school-places-scorecards","dfe-analytical-services","la-school-places-scorecards"
"dfe-analytical-services/leo-graduate-industry-dashboard","dfe-analytical-services","leo-graduate-industry-dashboard"
"dfe-analytical-services/leo-post16education-labourmarket","dfe-analytical-services","leo-post16education-labourmarket"
"dfe-analytical-services/lgbt-survey-2017","dfe-analytical-services","lgbt-survey-2017"
"dfe-analytical-services/lsip_dashboard","dfe-analytical-services","lsip_dashboard"
"dfe-analytical-services/mgn-code-club","dfe-analytical-services","mgn-code-club"
"dfe-analytical-services/nccis_localauthority_dashboard","dfe-analytical-services","nccis_localauthority_dashboard"
"dfe-analytical-services/powerbi_dashboardstandards","dfe-analytical-services","powerbi_dashboardstandards"
"dfe-analytical-services/publication-self-assessment-copy","dfe-analytical-services","publication-self-assessment-copy"
"dfe-analytical-services/pupil-yields-dashboard-","dfe-analytical-services","pupil-yields-dashboard-"
"dfe-analytical-services/r-training-course","dfe-analytical-services","r-training-course"
"dfe-analytical-services/rapify","dfe-analytical-services",rapify
"dfe-analytical-services/re-platforming-guidance","dfe-analytical-services","re-platforming-guidance"
"dfe-analytical-services/rstudio-connect-guidance","dfe-analytical-services","rstudio-connect-guidance"
"dfe-analytical-services/sage-summariser-xgov","dfe-analytical-services","sage-summariser-xgov"
"dfe-analytical-services/schools-workforce-benchmarking","dfe-analytical-services","schools-workforce-benchmarking"
"dfe-analytical-services/shapefiles","dfe-analytical-services",shapefiles
"dfe-analytical-services/shiny-template","dfe-analytical-services","shiny-template"
"dfe-analytical-services/simple-sampler","dfe-analytical-services","simple-sampler"
"dfe-analytical-services/smapey-dashboard","dfe-analytical-services","smapey-dashboard"
"dfe-analytical-services/spreadsheet-standards","dfe-analytical-services","spreadsheet-standards"
"dfe-analytical-services/stats-production-guidance-copy","dfe-analytical-services","stats-production-guidance-copy"
"dfe-analytical-services/stats-production-guidance-quarto","dfe-analytical-services","stats-production-guidance-quarto"
"dfe-analytical-services/teachers-analysis-compendium-3","dfe-analytical-services","teachers-analysis-compendium-3"
"dfe-analytical-services/techskills_workshops","dfe-analytical-services","techskills_workshops"
"dfe-analytical-services/test-app","dfe-analytical-services","test-app"
"dfe-analytical-services/tiny-shiny-attendance-demo","dfe-analytical-services","tiny-shiny-attendance-demo"
"dfe-analytical-services/tiny-shiny-attendance-demo-recent","dfe-analytical-services","tiny-shiny-attendance-demo-recent"
"dfe-analytical-services/tiny-shiny-fe-ac-demo","dfe-analytical-services","tiny-shiny-fe-ac-demo"
"dfe-analytical-services/turnover-and-retention-grids","dfe-analytical-services","turnover-and-retention-grids"
"dfe-analytical-services/wau-away-day","dfe-analytical-services","wau-away-day"
