"ssphp.cis_benchmark.control.number", "ssphp.use_case.foundational_system", "ssphp.use_case.id", "ssphp.use_case.savedsearch", "ssphp.use_case.title", "ssphp.cis_benchmark.control.title", "ssphp.cis_benchmark.control.profile_applicability", "ssphp.cis_benchmark.control.level", "ssphp.cis_benchmark.control.description", "ssphp.cis_benchmark.control.rationale", "ssphp.cis_benchmark.control.impact", "ssphp.cis_benchmark.control.group", "ssphp.cis_benchmark.controls.v8", "ssphp.cis_benchmark.controls.ig1", "ssphp.cis_benchmark.controls.ig2", "ssphp.cis_benchmark.controls.ig3", "ssphp.use_case.framework.ig_1", "ssphp.use_case.framework.ig_2", "ssphp.use_case.framework.ig_3", "ssphp.cis_benchmark.document.name", "ssphp.cis_benchmark.document.version", "ssphp.cis_benchmark.document.date", "ssphp.cis_benchmark.version", "ssphp.metadata.last_updated_by", "ssphp.metadata.last_updated_date"
"2.1.1", "AKS", "aks_002_cis_2-1-1", "ssphp_use_case_aks_002_cis_2-1-1", "AKS 002 [CIS 2.1.1]", "Enable audit Logs", "Level 1", "L1", "With Azure Kubernetes Service (AKS), the control plane components such as the kube-apiserver and kube-controller-manager are provided as a managed service. You create and manage the nodes that run the kubelet and container runtime, and deploy your applicat ions through the managed Kubernetes API server. To help troubleshoot your application and services, you may need to view the logs generated by these control plane components. To help collect and review data from multiple sources, Azure Monitor logs provides a query language and analytics engine that provides insights to your environment. A workspace is used to collate and analyze the data, and can integrate with other Azure services such as Application Insights and Security Center.", "Exporting logs and metrics to a dedicated, persistent datastore ensures availability of audit data following a cluster security event, and provides a central location for analysis of log and metric data collated from multiple sources.", "What is collected from Kubernetes clusters Container insights includes a predefined set of metrics and inventory items collected that are written as log data in your Log Analytics workspace. All metrics listed below are collected by default every one minut e. Node metrics collected The following list is the 24 metrics per node that are collected: cpuUsageNanoCores cpuCapacityNanoCores cpuAllocatableNanoCores memoryRssBytes memoryWorkingSetBytes memoryCapacityBytes memoryAllocatableBytes restartTimeEpoch used (disk) free (disk) used_percent (disk) io_time (diskio) writes (diskio) reads (diskio) writ e_bytes (diskio) write_time (diskio) iops_in_progress (diskio) read_bytes (diskio) read_time (diskio) err_in (net) err_out (net) bytes_recv (net) bytes_sent (net) Kubelet_docker_operations (kubelet) Container metrics The following list is the eight metrics per container collected: cpuUsageNanoCores cpuRequestNanoCores cpuLimitNanoCores memoryRssBytes memoryWorkingSetBytes memoryRequestBytes memoryLimitBytes restartTimeEpoch Cluster inventory The following list is the cluster inventory data collected by default: KubePodInventory – 1 per minute per container KubeNodeInventory – 1 per node per minute KubeServices – 1 per service per minute ContainerInventory – 1 per container per minute Page 18", "Master (Control Plane) Configuration", "8.1 Establish and Maintain an Audit Log Management Process, 8.2 Collect Audit Logs", "TRUE", "TRUE", "TRUE", "8.1, 8.2", "8.1, 8.2", "8.1, 8.2", "CIS AKS Benchmark", "1.7.0", "2025-04-16", "CIS v8", "Auto Document Extraction Script", "2025-05-19 10:35:40"
"3.1.1", "AKS", "aks_003_cis_3-1-1", "ssphp_use_case_aks_003_cis_3-1-1", "AKS 003 [CIS 3.1.1]", "Ensure that the kubeconfig file permissions are set to 644 or more restrictive", "Level 1", "L1", "If kubelet is running, and if it is configured by a kubeconfig file, ensure that the proxy kubeconfig file has permissions of 644 or more restrictive.", "The kubelet kubeconfig file controls various parameters of the kubelet service in the worker node. You should restrict its file permissions to maintain the integrity of the file. The file should be writable by only the administrators on the system. It is possible to run kubelet with the kubeconfig parameters configured as a Kubernetes ConfigMap instead of a file. In this case, there is no proxy kubeconfig file.", "None.", "Worker Nodes", "3.3 Configure Data Access Control Lists", "TRUE", "TRUE", "TRUE", "3.3", "3.3", "3.3", "CIS AKS Benchmark", "1.7.0", "2025-04-16", "CIS v8", "Auto Document Extraction Script", "2025-05-19 10:35:40"
"3.1.2", "AKS", "aks_003_cis_3-1-2", "ssphp_use_case_aks_003_cis_3-1-2", "AKS 003 [CIS 3.1.2]", "Ensure that the kubelet kubeconfig file ownership is set to root:root", "Level 1", "L1", "If kubelet is running, ensure that the file ownership of its kubeconfig file is set to root:root .", "The kubeconfig file for kubelet controls various parameters for the kubelet service in the worker node. You should set its file ownership to maintain the integrity of the file. The file should be owned by root:root .", "None", "Worker Nodes", "3.3 Configure Data Access Control Lists", "TRUE", "TRUE", "TRUE", "3.3", "3.3", "3.3", "CIS AKS Benchmark", "1.7.0", "2025-04-16", "CIS v8", "Auto Document Extraction Script", "2025-05-19 10:35:40"
"3.1.3", "AKS", "aks_003_cis_3-1-3", "ssphp_use_case_aks_003_cis_3-1-3", "AKS 003 [CIS 3.1.3]", "Ensure that the azure.json file has permissions set to 644 or more restrictive", "Level 1", "L1", "The azure.json file in an Azure Kubernetes Service (AKS) cluster is a configuration file used by the Kubernetes cloud provider integration for Azure. This file contains essential details that allow the Kubernetes cluster to interact with Azure resources effectively. It' s part of the Azure Cloud Provider configuration, enabling Kubernetes components to communicate with Azure services for features like load balancers, storage, and networking. Ensure the file has permissions of 644 or more restrictive.", "The azure.json file in AKS structure typically includes: - Tenant ID: The Azure Tenant ID where the AKS cluster resides. - Subscription ID: The Azure Subscription ID used for billing and resource management. - AAD Client ID: The Azure Active Directory (AAD) application client ID used by the Kubernetes cloud provider to interact with Azure resources. - AAD Client Secret: The secret for the AAD application. - Resource Group: The name of the resource group where the AKS cluster resources are located. - Location: The Azure region where the AKS cluster is deployed. - VM Type: Specifies the type of VMs used by the cluster (e.g., standard VMs or Virtual Machine Scale Sets). - Subnet Name, Security Group Name, Vnet Name, and Vnet Resource Group: Networking details for the cluster. - Route Table Name: The name of the route table for the cluster. - Storage Account Type: The default type of storage account to use for Kubernetes persistent volumes.", "None.", "Worker Nodes", "3.3 Configure Data Access Control Lists", "TRUE", "TRUE", "TRUE", "3.3", "3.3", "3.3", "CIS AKS Benchmark", "1.7.0", "2025-04-16", "CIS v8", "Auto Document Extraction Script", "2025-05-19 10:35:40"
"3.1.4", "AKS", "aks_003_cis_3-1-4", "ssphp_use_case_aks_003_cis_3-1-4", "AKS 003 [CIS 3.1.4]", "Ensure that the azure.json file ownership is set to root:root", "Level 1", "L1", "The azure.json file in an Azure Kubernetes Service (AKS) cluster is a configuration file used by the Kubernetes cloud provider integration for Azure. This file contains essential details that allow the Kubernetes cluster to interact with Azure resources ef fectively. It's part of the Azure Cloud Provider configuration, enabling Kubernetes components to communicate with Azure services for features like load balancers, storage, and networking. Ensure that the file is owned by root:root.", "The azure.json file in AKS structure typically includes: - Tenant ID: The Azure Tenant ID where the AKS cluster resides. - Subscription ID: The Azure Subscription ID used for billing and resource management. - AAD Client ID: The Azure Active Directory (AAD) application client ID used by the Kubernetes cloud provider to interact with Azure resources. - AAD Client Secret: The secret for the AAD application. - Resource Group: The name of the resource group where the AKS cluster resources are located. - Location: The Azure region where the AKS cluster is deployed. - VM Type: Specifies the type of VMs used by the cluster (e.g., standard VMs or Virtual Machine Scale Sets). - Subnet Name, Security Group Name, Vnet Name, and Vnet Resource Group: Networking details for the cluster. - Route Table Name: The name of the route table for the cluster. - Storage Account Type: The default type of storage account to use for Kubernetes persistent volumes.", "None", "Worker Nodes", "3.3 Configure Data Access Control Lists", "TRUE", "TRUE", "TRUE", "3.3", "3.3", "3.3", "CIS AKS Benchmark", "1.7.0", "2025-04-16", "CIS v8", "Auto Document Extraction Script", "2025-05-19 10:35:40"
"3.2.1", "AKS", "aks_003_cis_3-2-1", "ssphp_use_case_aks_003_cis_3-2-1", "AKS 003 [CIS 3.2.1]", "Ensure that the--anonymous-auth argument is set to false", "Level 1", "L1", "Disable anonymous requests to the Kubelet server.", "When enabled, requests that are not rejected by other configured authentication methods are treated as anonymous requests. These requests are then served by the Kubelet server. You should rely on authentication to authorize access and disallow anonymous re quests.", "Anonymous requests will be rejected.", "Worker Nodes", "-", "FALSE", "FALSE", "FALSE", "-", "-", "-", "CIS AKS Benchmark", "1.7.0", "2025-04-16", "CIS v8", "Auto Document Extraction Script", "2025-05-19 10:35:40"
"3.2.2", "AKS", "aks_003_cis_3-2-2", "ssphp_use_case_aks_003_cis_3-2-2", "AKS 003 [CIS 3.2.2]", "Ensure that the--authorization-mode argument is not set to AlwaysAllow", "Level 1", "L1", "Do not allow all requests. Enable explicit authorization.", "Kubelets , by default, allow all authenticated requests (even anonymous ones) without needing explicit authorization checks from the apiserver. You should restrict this behavior and only allow explicitly authorized requests.", "Unauthorized requests will be denied.", "Worker Nodes", "-", "FALSE", "FALSE", "FALSE", "-", "-", "-", "CIS AKS Benchmark", "1.7.0", "2025-04-16", "CIS v8", "Auto Document Extraction Script", "2025-05-19 10:35:40"
"3.2.3", "AKS", "aks_003_cis_3-2-3", "ssphp_use_case_aks_003_cis_3-2-3", "AKS 003 [CIS 3.2.3]", "Ensure that the--client-ca-file argument is set as appropriate", "Level 1", "L1", "Enable Kubelet authentication using certificates.", "The connections from the apiserver to the kubelet are used for fetching logs for pods, attaching (through kubectl) to running pods, and using the kubelet's port-forwarding functionality. These connections terminate at the kubelet's HTTPS endpoint. By default, the apiserver does not verify the kubelet's s erving certificate, which makes the connection subject to man-in-the-middle attacks, and unsafe to run over untrusted and/or public networks. Enabling Kubelet certificate authentication ensures that the apiserver could authenticate the Kubelet before submi tting any requests.", "You require TLS to be configured on apiserver as well as kubelets.", "Worker Nodes", "3.10 Encrypt Sensitive Data in Transit", "FALSE", "TRUE", "TRUE", "-", "3.10", "3.10", "CIS AKS Benchmark", "1.7.0", "2025-04-16", "CIS v8", "Auto Document Extraction Script", "2025-05-19 10:35:40"
"3.2.4", "AKS", "aks_003_cis_3-2-4", "ssphp_use_case_aks_003_cis_3-2-4", "AKS 003 [CIS 3.2.4]", "Ensure that the--read-only-port is secured", "Level 1", "L1", "Disable the read-only port.", "The Kubelet process provides a read-only API in addition to the main Kubelet API. Unauthenticated access is provided to this read-only API which could possibly retrieve potentially sensitive information about the cluster.", "Removal of the read-only port will require that any service which made use of it will need to be re-configured to use the main Kubelet API.", "Worker Nodes", "4.1 Establish and Maintain a Secure Configuration Process, 4.4 Implement and Manage a Firewall on Servers, 4.5 Implement and Manage a Firewall on End -User Devices", "TRUE", "TRUE", "TRUE", "4.1, 4.4, 4.5", "4.1, 4.4, 4.5", "4.1, 4.4, 4.5", "CIS AKS Benchmark", "1.7.0", "2025-04-16", "CIS v8", "Auto Document Extraction Script", "2025-05-19 10:35:40"
"3.2.5", "AKS", "aks_003_cis_3-2-5", "ssphp_use_case_aks_003_cis_3-2-5", "AKS 003 [CIS 3.2.5]", "Ensure that the--streaming-connection-idle-timeout argument is not set to 0", "Level 1", "L1", "Do not disable timeouts on streaming connections.", "Setting idle timeouts ensures that you are protected against Denial-of-Service attacks, inactive connections and running out of ephemeral ports. Note: By default,--streaming-connection-idle-timeout is set to 4 hours which might be too high for your environment. Setting this as appropriate would additionally ensure that such streaming connections are timed out after serving legitimate use cases.", "Long-lived connections could be interrupted.", "Worker Nodes", "4.1 Establish and Maintain a Secure Configuration Process", "TRUE", "TRUE", "TRUE", "4.1", "4.1", "4.1", "CIS AKS Benchmark", "1.7.0", "2025-04-16", "CIS v8", "Auto Document Extraction Script", "2025-05-19 10:35:40"
"3.2.6", "AKS", "aks_003_cis_3-2-6", "ssphp_use_case_aks_003_cis_3-2-6", "AKS 003 [CIS 3.2.6]", "Ensure that the--make-iptables-util-chains argument is set to true", "Level 1", "L1", "Allow Kubelet to manage iptables.", "Kubelets can automatically manage the required changes to iptables based on how you choose your networking options for the pods. It is recommended to let kubelets manage the changes to iptables. This ensures that the iptables configuration remains in sync with pod s networking configuration. Manually configuring iptables with dynamic pod network configuration changes might hamper the communication between pods/containers and to the outside world. You might have iptables rules too restrictive or too open.", "Kubelet would manage the iptables on the system and keep it in sync. If you are using any other iptables management solution, then there might be some conflicts.", "Worker Nodes", "4.1 Establish and Maintain a Secure Configuration Process", "TRUE", "TRUE", "TRUE", "4.1", "4.1", "4.1", "CIS AKS Benchmark", "1.7.0", "2025-04-16", "CIS v8", "Auto Document Extraction Script", "2025-05-19 10:35:40"
"3.2.7", "AKS", "aks_003_cis_3-2-7", "ssphp_use_case_aks_003_cis_3-2-7", "AKS 003 [CIS 3.2.7]", "Ensure that the--eventRecordQPS argument is set to 0 or a level which ensures appropriate event capture", "Level 2", "L2", "Security relevant information should be captured. The--eventRecordQPS flag on the Kubelet can be used to limit the rate at which events are gathered. Setting this too low could result in relevant events not being logged, however the unlimited setting of 0 could result in a denial of service on the kubelet.", "It is important to capture all events and not restrict event creation. Events are an important source of security information and analytics that ensure that your environment is consistently monitored using the event data.", "Setting this parameter to 0 could result in a denial of service condition due to excessive events being created. The cluster's event processing and storage systems should be scaled to handle expected event loads.", "Worker Nodes", "8.2 Collect Audit Logs, 8.5 Collect Detailed Audit Logs", "TRUE", "TRUE", "TRUE", "8.2", "8.2, 8.5", "8.2, 8.5", "CIS AKS Benchmark", "1.7.0", "2025-04-16", "CIS v8", "Auto Document Extraction Script", "2025-05-19 10:35:40"
"3.2.8", "AKS", "aks_003_cis_3-2-8", "ssphp_use_case_aks_003_cis_3-2-8", "AKS 003 [CIS 3.2.8]", "Ensure that the--rotate-certificates argument is not set to false", "Level 2", "L2", "Enable kubelet client certificate rotation.", "The--rotate-certificates setting causes the kubelet to rotate its client certificates by creating new CSRs as its existing credentials expire. This automated periodic rotation ensures that the there is no downtime due to expired certificates and thus addressing availability in the CIA (Confidentiality, Int egrity, and Availability) security triad. Note: This recommendation only applies if you let kubelets get their certificates from the API server. In case your kubelet certificates come from an outside authority/tool (e.g. Vault) then you need to implement rotation yourself. Note: This feature also requires the RotateKubeletClientCertificate feature gate to be enabled.", "None", "Worker Nodes", "3.10 Encrypt Sensitive Data in Transit", "FALSE", "TRUE", "TRUE", "-", "3.10", "3.10", "CIS AKS Benchmark", "1.7.0", "2025-04-16", "CIS v8", "Auto Document Extraction Script", "2025-05-19 10:35:40"
"3.2.9", "AKS", "aks_003_cis_3-2-9", "ssphp_use_case_aks_003_cis_3-2-9", "AKS 003 [CIS 3.2.9]", "Ensure that the RotateKubeletServerCertificate argument is set to true", "Level 1", "L1", "Enable kubelet server certificate rotation.", "RotateKubeletServerCertificate causes the kubelet to both request a serving certificate after bootstrapping its client credentials and rotate the certificate as its existing credentials expire. This automated periodic rotation ensures that the there are no downtimes due to expired certificates and thus a ddressing availability in the CIA security triad. Note: This recommendation only applies if you let kubelets get their certificates from the API server. In case your kubelet certificates come from an outside authority/tool (e.g. Vault) then you need to take care of rotation yourself.", "None", "Worker Nodes", "3.10 Encrypt Sensitive Data in Transit", "FALSE", "TRUE", "TRUE", "-", "3.10", "3.10", "CIS AKS Benchmark", "1.7.0", "2025-04-16", "CIS v8", "Auto Document Extraction Script", "2025-05-19 10:35:40"
"4.1.1", "AKS", "aks_004_cis_4-1-1", "ssphp_use_case_aks_004_cis_4-1-1", "AKS 004 [CIS 4.1.1]", "Ensure that the cluster-admin role is only used where required", "Level 1", "L1", "The RBAC role cluster-admin provides wide-ranging powers over the environment and should be used only where and when needed.", "Kubernetes provides a set of default roles where RBAC is used. Some of these roles such as cluster-admin provide wide-ranging privileges which should only be applied where absolutely necessary. Roles such as cluster-admin allow super-user access to perform any action on any resource. When used in a ClusterRoleBinding , it gives full control over every resource in the cluster and in all namespaces. When used in a RoleBinding , it gives full control over every resource in the rolebinding's namespace, including the namespace itself.", "Care should be taken before removing any clusterrolebindings from the environment to ensure they were not required for operation of the cluster. Specifically, modifications should not be made to clusterrolebindings with the system: prefix as they are required for the operation of system components.", "Policies", "4.1 Establish and Maintain a Secure Configuration Process", "TRUE", "TRUE", "TRUE", "4.1", "4.1", "4.1", "CIS AKS Benchmark", "1.7.0", "2025-04-16", "CIS v8", "Auto Document Extraction Script", "2025-05-19 10:35:40"
"4.1.2", "AKS", "aks_004_cis_4-1-2", "ssphp_use_case_aks_004_cis_4-1-2", "AKS 004 [CIS 4.1.2]", "Minimize access to secrets", "Level 1", "L1", "The Kubernetes API stores secrets, which may be service account tokens for the Kubernetes API or credentials used by workloads in the cluster. Access to these secrets should be restricted to the smallest possible group of users to reduce the risk of privilege escalation.", "Inappropriate access to secrets stored within the Kubernetes cluster can allow for an attacker to gain additional access to the Kubernetes cluster or external resources whose credentials are stored as secrets.", "Care should be taken not to remove access to secrets to system components which require this for their operation", "Policies", "4.1 Establish and Maintain a Secure Configuration Process", "TRUE", "TRUE", "TRUE", "4.1", "4.1", "4.1", "CIS AKS Benchmark", "1.7.0", "2025-04-16", "CIS v8", "Auto Document Extraction Script", "2025-05-19 10:35:40"
"4.1.3", "AKS", "aks_004_cis_4-1-3", "ssphp_use_case_aks_004_cis_4-1-3", "AKS 004 [CIS 4.1.3]", "Minimize wildcard use in Roles and ClusterRoles", "Level 1", "L1", "Kubernetes Roles and ClusterRoles provide access to resources based on sets of objects and actions that can be taken on those objects. It is possible to set either of these to be the wildcard '*' which matches all items. Use of wildcards is not optimal from a security perspective as it may allow for inadvertent access to be granted when new resources are added to the Kubernetes API either as CRDs or in later versions of the product.", "The principle of least privilege recommends that users are provided only the access required for their role and nothing more. The use of wildcard rights grants is likely to provide excessive rights to the Kubernetes API.", "", "Policies", "4.1 Establish and Maintain a Secure Configuration Process", "TRUE", "TRUE", "TRUE", "4.1", "4.1", "4.1", "CIS AKS Benchmark", "1.7.0", "2025-04-16", "CIS v8", "Auto Document Extraction Script", "2025-05-19 10:35:40"
"4.1.4", "AKS", "aks_004_cis_4-1-4", "ssphp_use_case_aks_004_cis_4-1-4", "AKS 004 [CIS 4.1.4]", "Minimize access to create pods", "Level 1", "L1", "The ability to create pods in a namespace can provide a number of opportunities for privilege escalation, such as assigning privileged service accounts to these pods or mounting hostPaths with access to sensitive data (unless Pod Security Policies are implemented to restrict this access) As such, access to create new pods should be restricted to the smallest possible group of users.", "The ability to create pods in a cluster opens up possibilities for privilege escalation and should be restricted, where possible.", "Care should be taken not to remove access to pods to system components which require this for their operation", "Policies", "4.1 Establish and Maintain a Secure Configuration Process", "TRUE", "TRUE", "TRUE", "4.1", "4.1", "4.1", "CIS AKS Benchmark", "1.7.0", "2025-04-16", "CIS v8", "Auto Document Extraction Script", "2025-05-19 10:35:40"
"4.1.5", "AKS", "aks_004_cis_4-1-5", "ssphp_use_case_aks_004_cis_4-1-5", "AKS 004 [CIS 4.1.5]", "Ensure that default service accounts are not actively used", "Level 1", "L1", "The default service account should not be used to ensure that rights granted to applications can be more easily audited and reviewed.", "Kubernetes provides a default service account which is used by cluster workloads where no specific service account is assigned to the pod. Where access to the Kubernetes API from a pod is required, a specific service account should be created for that pod, and rights granted to that service account. The default service account should be configured such that it does not provide a service account token and does not have any explicit rights assignments.", "All workloads which require access to the Kubernetes API will require an explicit service account to be created.", "Policies", "4.7 Manage Default Accounts on Enterprise Assets and Software, 5.4 Restrict Administrator Privileges to Dedicated Administrator Accounts", "TRUE", "TRUE", "TRUE", "4.7, 5.4", "4.7, 5.4", "4.7, 5.4", "CIS AKS Benchmark", "1.7.0", "2025-04-16", "CIS v8", "Auto Document Extraction Script", "2025-05-19 10:35:40"
"4.1.6", "AKS", "aks_004_cis_4-1-6", "ssphp_use_case_aks_004_cis_4-1-6", "AKS 004 [CIS 4.1.6]", "Ensure that Service Account Tokens are only mounted where necessary", "Level 1", "L1", "Service accounts tokens should not be mounted in pods except where the workload running in the pod explicitly needs to communicate with the API server", "Mounting service account tokens inside pods can provide an avenue for privilege escalation attacks where an attacker is able to compromise a single pod in the cluster. Avoiding mounting these tokens removes this attack avenue.", "Pods mounted without service account tokens will not be able to communicate with the API server, except where the resource is available to unauthenticated principals.", "Policies", "4.1 Establish and Maintain a Secure Configuration Process", "TRUE", "TRUE", "TRUE", "4.1", "4.1", "4.1", "CIS AKS Benchmark", "1.7.0", "2025-04-16", "CIS v8", "Auto Document Extraction Script", "2025-05-19 10:35:40"
"4.2.1", "AKS", "aks_004_cis_4-2-1", "ssphp_use_case_aks_004_cis_4-2-1", "AKS 004 [CIS 4.2.1]", "Minimize the admission of privileged containers", "Level 1", "L1", "Do not generally permit containers to be run with the securityContext.privileged flag set to true .", "Privileged containers have access to all Linux Kernel capabilities and devices. A container running with full privileges can do almost everything that the host can do. This flag exists to allow special use-cases, like manipulating the network stack and accessing devices. There should be at least one admission control policy defined which does not permit privileged containers. If you need to run privileged containers, this should be defined in a separate policy and you should carefully check to ensure that only limited service accounts and users are given permission to use that policy.", "Pods defined with spec.containers[].securityContext.privileged: true , spec.initContainers[].securityContext.privileged: true and spec.ephemeralContainers[].securityContext.privileged: true will not be permitted. Page 75", "Policies", "4.1 Establish and Maintain a Secure Configuration Process", "TRUE", "TRUE", "TRUE", "4.1", "4.1", "4.1", "CIS AKS Benchmark", "1.7.0", "2025-04-16", "CIS v8", "Auto Document Extraction Script", "2025-05-19 10:35:40"
"4.2.2", "AKS", "aks_004_cis_4-2-2", "ssphp_use_case_aks_004_cis_4-2-2", "AKS 004 [CIS 4.2.2]", "Minimize the admission of containers wishing to share the host process ID namespace", "Level 1", "L1", "Do not generally permit containers to be run with the hostPID flag set to true.", "A container running in the host's PID namespace can inspect processes running outside the container. If the container also has access to ptrace capabilities this can be used to escalate privileges outside of the container. There should be at least one admission control policy defined which does not permit containers to share the host PID namespace. If you need to run containers which require hostPID, this should be defined in a separate policy and you should carefully check to ensure that only limited service accounts and users are given permission to use that policy.", "Pods defined with spec.hostPID: true will not be permitted unless they are run under a specific policy. Page 78", "Policies", "4.1 Establish and Maintain a Secure Configuration Process", "TRUE", "TRUE", "TRUE", "4.1", "4.1", "4.1", "CIS AKS Benchmark", "1.7.0", "2025-04-16", "CIS v8", "Auto Document Extraction Script", "2025-05-19 10:35:40"
"4.2.3", "AKS", "aks_004_cis_4-2-3", "ssphp_use_case_aks_004_cis_4-2-3", "AKS 004 [CIS 4.2.3]", "Minimize the admission of containers wishing to share the host IPC namespace", "Level 1", "L1", "Do not generally permit containers to be run with the hostIPC flag set to true.", "A container running in the host's IPC namespace can use IPC to interact with processes outside the container. There should be at least one admission control policy defined which does not permit containers to share the host IPC namespace. If you need to run containers which require hostIPC, this should be defined in a separate policy and you should carefully check to ensure that only limited service accounts and users are given permission to use that policy.", "Pods defined with spec.hostIPC: true will not be permitted unless they are run under a specific policy.", "Policies", "4.1 Establish and Maintain a Secure Configuration Process", "TRUE", "TRUE", "TRUE", "4.1", "4.1", "4.1", "CIS AKS Benchmark", "1.7.0", "2025-04-16", "CIS v8", "Auto Document Extraction Script", "2025-05-19 10:35:40"
"4.2.4", "AKS", "aks_004_cis_4-2-4", "ssphp_use_case_aks_004_cis_4-2-4", "AKS 004 [CIS 4.2.4]", "Minimize the admission of containers wishing to share the host network namespace", "Level 1", "L1", "Do not generally permit containers to be run with the hostNetwork flag set to true.", "A container running in the host's network namespace could access the local loopback device, and could access network traffic to and from other pods. There should be at least one admission control policy defined which does not permit containers to share the host network namespace. If you need to run containers which require access to the host's network namespaces, this should be defined in a separate policy and you should carefully check to ensure that only limited service accounts and users are given permission to use that policy.", "Pods defined with spec.hostNetwork: true will not be permitted unless they are run under a specific policy. Page 83", "Policies", "4.1 Establish and Maintain a Secure Configuration Process", "TRUE", "TRUE", "TRUE", "4.1", "4.1", "4.1", "CIS AKS Benchmark", "1.7.0", "2025-04-16", "CIS v8", "Auto Document Extraction Script", "2025-05-19 10:35:40"
"4.2.5", "AKS", "aks_004_cis_4-2-5", "ssphp_use_case_aks_004_cis_4-2-5", "AKS 004 [CIS 4.2.5]", "Minimize the admission of containers with allowPrivilegeEscalation", "Level 1", "L1", "Do not generally permit containers to be run with the allowPrivilegeEscalation flag set to true . Allowing this right can lead to a process running a container getting more rights than it started with. It's important to note that these rights are still constrained by the overall container sandbox, and this setting does not relate to the use of privileged containers.", "A container running with the allowPrivilegeEscalation flag set to true may have processes that can gain more privileges than their parent. There should be at least one admission control policy defined which does not permit containers to allow privilege escalation. The option exists (and is defaulted to true) to permit setuid binaries to run. If you have need to run containers which use setuid binaries or require privilege escalation, this should be defined in a separate policy and you should carefully check to ensure that only limited service accounts and users are given permission to use that policy.", "Pods defined with spec.allowPrivilegeEscalation: true will not be permitted unless they are run under a specific policy. Page 86", "Policies", "4.1 Establish and Maintain a Secure Configuration Process", "TRUE", "TRUE", "TRUE", "4.1", "4.1", "4.1", "CIS AKS Benchmark", "1.7.0", "2025-04-16", "CIS v8", "Auto Document Extraction Script", "2025-05-19 10:35:40"
"4.4.1", "AKS", "aks_004_cis_4-4-1", "ssphp_use_case_aks_004_cis_4-4-1", "AKS 004 [CIS 4.4.1]", "Ensure latest CNI version is used", "Level 1", "L1", "There are a variety of CNI plugins available for Kubernetes. If the CNI in use does not support Network Policies it may not be possible to effectively restrict traffic in the cluster.", "Kubernetes network policies are enforced by the CNI plugin in use. As such it is important to ensure that the CNI plugin supports both Ingress and Egress network policies.", "None.", "Policies", "16.5 Use Up -to-Date and Trusted Third -Party Software Components", "FALSE", "TRUE", "TRUE", "-", "16.5", "16.5", "CIS AKS Benchmark", "1.7.0", "2025-04-16", "CIS v8", "Auto Document Extraction Script", "2025-05-19 10:35:40"
"4.4.2", "AKS", "aks_004_cis_4-4-2", "ssphp_use_case_aks_004_cis_4-4-2", "AKS 004 [CIS 4.4.2]", "Ensure that all Namespaces have Network Policies defined", "Level 2", "L2", "Use network policies to isolate traffic in your cluster network.", "Running different applications on the same Kubernetes cluster creates a risk of one compromised application attacking a neighboring application. Network segmentation is important to ensure that containers can communicate only with those they are supposed to. A network policy is a specification of how selections of pods are allowed to communicate with each other and other network endpoints. Once there is any Network Policy in a namespace selecting a particular pod, that pod will reject any connections that are not allowed by any Network Policy. Other pods in the namespace that are not selected by any Network Policy will continue to accept all traffic'", "Once there is any Network Policy in a namespace selecting a particular pod, that pod will reject any connections that are not allowed by any Network Policy. Other pods in the namespace that are not selected by any Network Policy will continue to accept all traffic'", "Policies", "3.12 Segment Data Processing and Storage Based on Sensitivity, 13.4 Perform Traffic Filtering Between Network Segments", "FALSE", "TRUE", "TRUE", "-", "3.12, 13.4", "3.12, 13.4", "CIS AKS Benchmark", "1.7.0", "2025-04-16", "CIS v8", "Auto Document Extraction Script", "2025-05-19 10:35:40"
"4.5.1", "AKS", "aks_004_cis_4-5-1", "ssphp_use_case_aks_004_cis_4-5-1", "AKS 004 [CIS 4.5.1]", "Prefer using secrets as files over secrets as environment variables", "Level 2", "L2", "Kubernetes supports mounting secrets as data volumes or as environment variables. Minimize the use of environment variable secrets.", "It is reasonably common for application code to log out its environment (particularly in the event of an error). This will include any secret values passed in as environment variables, so secrets can easily be exposed to any user or entity who has access to the logs.", "Application code which expects to read secrets in the form of environment variables would need modification", "Policies", "3.10 Encrypt Sensitive Data in Transit, 3.11 Encrypt Sensitive Data at Rest", "FALSE", "TRUE", "TRUE", "-", "3.10, 3.11", "3.10, 3.11", "CIS AKS Benchmark", "1.7.0", "2025-04-16", "CIS v8", "Auto Document Extraction Script", "2025-05-19 10:35:40"
"4.5.2", "AKS", "aks_004_cis_4-5-2", "ssphp_use_case_aks_004_cis_4-5-2", "AKS 004 [CIS 4.5.2]", "Consider external secret storage", "Level 2", "L2", "Consider the use of an external secrets storage and management system, instead of using Kubernetes Secrets directly, if you have more complex secret management needs. Ensure the solution requires authentication to access secrets, has auditing of access to and use of secrets, and encrypts secrets. Some solutions also make it easier to rotate secrets.", "Kubernetes supports secrets as first-class objects, but care needs to be taken to ensure that access to secrets is carefully limited. Using an external secrets provider can ease the management of access to secrets, especially where secrests are used across both Kubernetes and non-Kubernetes environments.", "None", "Policies", "3.11 Encrypt Sensitive Data at Rest", "FALSE", "TRUE", "TRUE", "-", "3.11", "3.11", "CIS AKS Benchmark", "1.7.0", "2025-04-16", "CIS v8", "Auto Document Extraction Script", "2025-05-19 10:35:40"
"4.6.1", "AKS", "aks_004_cis_4-6-1", "ssphp_use_case_aks_004_cis_4-6-1", "AKS 004 [CIS 4.6.1]", "Create administrative boundaries between resources using namespaces", "Level 1", "L1", "Use namespaces to isolate your Kubernetes objects.", "Limiting the scope of user permissions can reduce the impact of mistakes or malicious activities. A Kubernetes namespace allows you to partition created resources into logically named groups. Resources created in one namespace can be hidden from other name spaces. By default, each resource created by a user in an Azure AKS cluster runs in a default namespace, called default . You can create additional namespaces and attach resources and users to them. You can use Kubernetes Authorization plugins to create pol icies that segregate access to namespace resources between different users.", "You need to switch between namespaces for administration.", "Policies", "4.6 Securely Manage Enterprise Assets and Software", "TRUE", "TRUE", "TRUE", "4.6", "4.6", "4.6", "CIS AKS Benchmark", "1.7.0", "2025-04-16", "CIS v8", "Auto Document Extraction Script", "2025-05-19 10:35:40"
"4.6.2", "AKS", "aks_004_cis_4-6-2", "ssphp_use_case_aks_004_cis_4-6-2", "AKS 004 [CIS 4.6.2]", "Apply Security Context to Your Pods and Containers", "Level 2", "L2", "Apply Security Context to Your Pods and Containers", "A security context defines the operating system security settings (uid, gid, capabilities, SELinux role, etc..) applied to a container. When designing your containers and pods, make sure that you configure the security context for your pods, containers, an d volumes. A security context is a property defined in the deployment yaml. It controls the security parameters that will be assigned to the pod/container/volume. There are two levels of security context: pod level security context, and container level sec urity context.", "If you incorrectly apply security contexts, you may have trouble running the pods.", "Policies", "4.6 Securely Manage Enterprise Assets and Software", "TRUE", "TRUE", "TRUE", "4.6", "4.6", "4.6", "CIS AKS Benchmark", "1.7.0", "2025-04-16", "CIS v8", "Auto Document Extraction Script", "2025-05-19 10:35:40"
"4.6.3", "AKS", "aks_004_cis_4-6-3", "ssphp_use_case_aks_004_cis_4-6-3", "AKS 004 [CIS 4.6.3]", "The default namespace should not be used", "Level 2", "L2", "Kubernetes provides a default namespace, where objects are placed if no namespace is specified for them. Placing objects in this namespace makes application of RBAC and other controls more difficult.", "Resources in a Kubernetes cluster should be segregated by namespace, to allow for security controls to be applied at that level and to make it easier to manage resources.", "None", "Policies", "4.1 Establish and Maintain a Secure Configuration Process, 4.6 Securely Manage Enterprise Assets and Software", "TRUE", "TRUE", "TRUE", "4.1, 4.6", "4.1, 4.6", "4.1, 4.6", "CIS AKS Benchmark", "1.7.0", "2025-04-16", "CIS v8", "Auto Document Extraction Script", "2025-05-19 10:35:40"
"5.1.1", "AKS", "aks_005_cis_5-1-1", "ssphp_use_case_aks_005_cis_5-1-1", "AKS 005 [CIS 5.1.1]", "Ensure Image Vulnerability Scanning using Microsoft Defender for Cloud (MDC) image scanning or a third party provider", "Level 1", "L1", "Scan images being deployed to Azure (AKS) for vulnerabilities. Vulnerability scanning for images stored in Microsoft Defender for Cloud (MDC). This capability is powered by Microsoft Defender for Endpoint's MDVM, a leading provider of information security. When you push an image to Container Registry, MDC automatically scans it, then checks for known vulnerabilities in packages or dependencies defined in the file. When the scan completes (after about 10 minutes), MDC provides details and a security classification for each vulnerability detected, along with guidance on how to remediate issues and protect vulnerable attack surfaces.", "Vulnerabilities in software packages can be exploited by hackers or malicious users to obtain unauthorized access to local cloud resources.", "When using an MDC, you might occasionally encounter problems. For example, you might not be able to pull a container image because of an issue with Docker in your local environment. Or, a network issue might prevent you from connecting to the registry.", "Managed services", "7.5 Perform Automated Vulnerability Scans of Internal Enterprise Assets, 7.6 Perform Automated Vulnerability Scans of Externally -Exposed Enterprise Assets", "FALSE", "TRUE", "TRUE", "-", "7.5, 7.6", "7.5, 7.6", "CIS AKS Benchmark", "1.7.0", "2025-04-16", "CIS v8", "Auto Document Extraction Script", "2025-05-19 10:35:40"
"5.1.2", "AKS", "aks_005_cis_5-1-2", "ssphp_use_case_aks_005_cis_5-1-2", "AKS 005 [CIS 5.1.2]", "Minimize user access to Azure Container Registry (ACR)", "Level 1", "L1", "Restrict user access to Azure Container Registry (ACR), limiting interaction with build images to only authorized personnel and service accounts.", "Weak access control to Azure Container Registry (ACR) may allow malicious users to replace built images with vulnerable containers.", "Care should be taken not to remove access to Azure ACR for accounts that require this for their operation.", "Managed services", "3.3 Configure Data Access Control Lists", "TRUE", "TRUE", "TRUE", "3.3", "3.3", "3.3", "CIS AKS Benchmark", "1.7.0", "2025-04-16", "CIS v8", "Auto Document Extraction Script", "2025-05-19 10:35:40"
"5.1.3", "AKS", "aks_005_cis_5-1-3", "ssphp_use_case_aks_005_cis_5-1-3", "AKS 005 [CIS 5.1.3]", "Minimize cluster access to read-only for Azure Container Registry (ACR)", "Level 1", "L1", "Configure the Cluster Service Account with Storage Object Viewer Role to only allow read-only access to Azure Container Registry (ACR)", "The Cluster Service Account does not require administrative access to Azure ACR, only requiring pull access to containers to deploy onto Azure AKS. Restricting permissions follows the principles of least privilege and prevents credentials from being abused beyond the required role.", "A separate dedicated service account may be required for use by build servers and other robot users pushing or managing container images.", "Managed services", "3.3 Configure Data Access Control Lists, 7.5 Perform Automated Vulnerability Scans of Internal Enterprise Assets", "TRUE", "TRUE", "TRUE", "3.3", "3.3, 7.5", "3.3, 7.5", "CIS AKS Benchmark", "1.7.0", "2025-04-16", "CIS v8", "Auto Document Extraction Script", "2025-05-19 10:35:40"
"5.1.4", "AKS", "aks_005_cis_5-1-4", "ssphp_use_case_aks_005_cis_5-1-4", "AKS 005 [CIS 5.1.4]", "Minimize Container Registries to only those approved", "Level 2", "L2", "Use approved container registries.", "Allowing unrestricted access to external container registries provides the opportunity for malicious or unapproved containers to be deployed into the cluster. Allowlisting only approved container registries reduces this risk.", "All container images to be deployed to the cluster must be hosted within an approved container image registry.", "Managed services", "2.5 Allowlist Authorized Software", "FALSE", "TRUE", "TRUE", "-", "2.5", "2.5", "CIS AKS Benchmark", "1.7.0", "2025-04-16", "CIS v8", "Auto Document Extraction Script", "2025-05-19 10:35:40"
"5.2.1", "AKS", "aks_005_cis_5-2-1", "ssphp_use_case_aks_005_cis_5-2-1", "AKS 005 [CIS 5.2.1]", "Prefer using dedicated AKS Service Accounts", "Level 1", "L1", "Kubernetes workloads should not use cluster node service accounts to authenticate to Azure AKS APIs. Each Kubernetes workload that needs to authenticate to other Azure Web Services using IAM should be provisioned with a dedicated Service account.", "Manual approaches for authenticating Kubernetes workloads running on Azure AKS against Azure APIs are: storing service account keys as a Kubernetes secret (which introduces manual key rotation and potential for key compromise); or use of the underlying nod es' IAM Service account, which violates the principle of least privilege on a multi-tenanted node, when one pod needs to have access to a service, but every other pod on the node that uses the Service account does not.", "", "Managed services", "5.4 Restrict Administrator Privileges to Dedicated Administrator Accounts", "TRUE", "TRUE", "TRUE", "5.4", "5.4", "5.4", "CIS AKS Benchmark", "1.7.0", "2025-04-16", "CIS v8", "Auto Document Extraction Script", "2025-05-19 10:35:40"
"5.3.1", "AKS", "aks_005_cis_5-3-1", "ssphp_use_case_aks_005_cis_5-3-1", "AKS 005 [CIS 5.3.1]", "Ensure Kubernetes Secrets are encrypted", "Level 1", "L1", "Encryption at Rest is a common security requirement. In Azure, organizations can encrypt data at rest without the risk or cost of a custom key management solution. Organizations have the option of letting Azure completely manage Encryption at Rest. Additio nally, organizations have various options to closely manage encryption or encryption keys.", "", "", "Managed services", "3.11 Encrypt Sensitive Data at Rest", "FALSE", "TRUE", "TRUE", "-", "3.11", "3.11", "CIS AKS Benchmark", "1.7.0", "2025-04-16", "CIS v8", "Auto Document Extraction Script", "2025-05-19 10:35:40"
"5.4.1", "AKS", "aks_005_cis_5-4-1", "ssphp_use_case_aks_005_cis_5-4-1", "AKS 005 [CIS 5.4.1]", "Restrict Access to the Control Plane Endpoint", "Level 1", "L1", "Enable Endpoint Private Access to restrict access to the cluster's control plane to only an allowlist of authorized IPs.", "Authorized networks are a way of specifying a restricted range of IP addresses that are permitted to access your cluster's control plane. Kubernetes Engine uses both Transport Layer Security (TLS) and authentication to provide secure access to your cluster 's control plane from the public internet. This provides you the flexibility to administer your cluster from anywhere; however, you might want to further restrict access to a set of IP addresses that you control. You can set this restriction by specifying an authorized network. Restricting access to an authorized network can provide additional security benefits for your container cluster, including: - Better protection from outsider attacks: Authorized networks provide an additional layer of security by limiting external access to a specific set of addresses you designate, such as those that originate from your premises. This helps protect access to you r cluster in the case of a vulnerability in the cluster's authentication or authorization mechanism. - Better protection from insider attacks: Authorized networks help protect your cluster from accidental leaks of master certificates from your company's premises. Leaked certificates used from outside Azure virtual machines and outside the authorized IP rang es (for example, from addresses outside your company) are still denied access.", "When implementing Endpoint Private Access, be careful to ensure all desired networks are on the allowlist (whitelist) to prevent inadvertently blocking external access to your cluster's control plane. Limitations IP authorized ranges can't be applied to the private api server endpoint, they only apply to the public API server Availability Zones are currently supported for certain regions. Azure Private Link service limitations apply to private clusters. No support for Azure DevOps Microsoft-hosted Agents with private clusters. Consider to use Self-hosted Agents. For customers that need to enable Azure Container Registry to work with private AKS, the Container Registry virtual network must be peered with the agent cluster virtual network. Page 124", "Managed services", "3.3 Configure Data Access Control Lists", "TRUE", "TRUE", "TRUE", "3.3", "3.3", "3.3", "CIS AKS Benchmark", "1.7.0", "2025-04-16", "CIS v8", "Auto Document Extraction Script", "2025-05-19 10:35:40"
"5.4.2", "AKS", "aks_005_cis_5-4-2", "ssphp_use_case_aks_005_cis_5-4-2", "AKS 005 [CIS 5.4.2]", "Ensure clusters are created with Private Endpoint Enabled and Public Access Disabled", "Level 2", "L2", "Disable access to the Kubernetes API from outside the node network if it is not required.", "In a private cluster, the master node has two endpoints, a private and public endpoint. The private endpoint is the internal IP address of the master, behind an internal load balancer in the master's wirtual network. Nodes communicate with the master using the private endpoint. The public endpoint enables the Kubernetes API to be accessed from outside the master's virtual network. Although Kubernetes API requires an authorized token to perform sensitive actions, a vulnerability could potentially expose the Kubernetes publically with unrestricted access. Additionally, an attacker may be able to identify the current cluster and Kubern etes API version and determine whether it is vulnerable to an attack. Unless required, disabling public endpoint will help prevent such threats, and require the attacker to be on the master's virtual network to perform any attack on the Kubernetes API.", "", "Managed services", "4.4 Implement and Manage a Firewall on Servers", "TRUE", "TRUE", "TRUE", "4.4", "4.4", "4.4", "CIS AKS Benchmark", "1.7.0", "2025-04-16", "CIS v8", "Auto Document Extraction Script", "2025-05-19 10:35:40"
"5.4.3", "AKS", "aks_005_cis_5-4-3", "ssphp_use_case_aks_005_cis_5-4-3", "AKS 005 [CIS 5.4.3]", "Ensure clusters are created with Private Nodes", "Level 1", "L1", "Disable public IP addresses for cluster nodes, so that they only have private IP addresses. Private Nodes are nodes with no public IP addresses.", "Disabling public IP addresses on cluster nodes restricts access to only internal networks, forcing attackers to obtain local network access before attempting to compromise the underlying Kubernetes hosts.", "To enable Private Nodes, the cluster has to also be configured with a private master IP range and IP Aliasing enabled. Private Nodes do not have outbound access to the public internet. If you want to provide outbound Internet access for your private nodes, you can use Cloud NAT or you can manage your own NAT gateway.", "Managed services", "4.4 Implement and Manage a Firewall on Servers", "TRUE", "TRUE", "TRUE", "4.4", "4.4", "4.4", "CIS AKS Benchmark", "1.7.0", "2025-04-16", "CIS v8", "Auto Document Extraction Script", "2025-05-19 10:35:40"
"5.4.4", "AKS", "aks_005_cis_5-4-4", "ssphp_use_case_aks_005_cis_5-4-4", "AKS 005 [CIS 5.4.4]", "Ensure Network Policy is Enabled and set as appropriate", "Level 1", "L1", "When you run modern, microservices-based applications in Kubernetes, you often want to control which components can communicate with each other. The principle of least privilege should be applied to how traffic can flow between pods in an Azure Kubernetes Service ( AKS) cluster. Let's say you likely want to block traffic directly to back-end applications. The Network Policy feature in Kubernetes lets you define rules for ingress and egress traffic between pods in a cluster.", "All pods in an AKS cluster can send and receive traffic without limitations, by default. To improve security, you can define rules that control the flow of traffic. Back-end applications are often only exposed to required front-end services, for example. O r, database components are only accessible to the application tiers that connect to them. Network Policy is a Kubernetes specification that defines access policies for communication between Pods. Using Network Policies, you define an ordered set of rules to send and receive traffic and apply them to a collection of pods that match one or more l abel selectors. These network policy rules are defined as YAML manifests. Network policies can be included as part of a wider manifest that also creates a deployment or service.", "Network Policy requires the Network Policy add-on. This add-on is included automatically when a cluster with Network Policy is created, but for an existing cluster, needs to be added prior to enabling Network Policy. Enabling/Disabling Network Policy causes a rolling update of all cluster nodes, similar to performing a cluster upgrade. This operation is long-running and will block other operations on the cluster (including delete) until it has run to completion. If Network Policy is used, a cluster must have at least 2 nodes of type n1-standard-1 or higher. The recommended minimum size cluster to run Network Policy enforcement is 3 n1-standard-1 instances. Enabling Network Policy enforcement consumes additional resources in nodes. Specifically, it increases the memory footprint of the kube-system process by approximately 128MB, and requires approximately 300 millicores of CPU. Page 131", "Managed services", "4.4 Implement and Manage a Firewall on Servers, 4.5 Implement and Manage a Firewall on End -User Devices", "TRUE", "TRUE", "TRUE", "4.4, 4.5", "4.4, 4.5", "4.4, 4.5", "CIS AKS Benchmark", "1.7.0", "2025-04-16", "CIS v8", "Auto Document Extraction Script", "2025-05-19 10:35:40"
"5.4.5", "AKS", "aks_005_cis_5-4-5", "ssphp_use_case_aks_005_cis_5-4-5", "AKS 005 [CIS 5.4.5]", "Encrypt traffic to HTTPS load balancers with TLS certificates", "Level 2", "L2", "Encrypt traffic to HTTPS load balancers using TLS certificates.", "Encrypting traffic between users and your Kubernetes workload is fundamental to protecting data sent over the web.", "", "Managed services", "3.10 Encrypt Sensitive Data in Transit", "FALSE", "TRUE", "TRUE", "-", "3.10", "3.10", "CIS AKS Benchmark", "1.7.0", "2025-04-16", "CIS v8", "Auto Document Extraction Script", "2025-05-19 10:35:40"
"5.5.1", "AKS", "aks_005_cis_5-5-1", "ssphp_use_case_aks_005_cis_5-5-1", "AKS 005 [CIS 5.5.1]", "Manage Kubernetes RBAC users with Azure AD", "Level 2", "L2", "Azure Kubernetes Service (AKS) can be configured to use Azure Active Directory (AD) for user authentication. In this configuration, you sign in to an AKS cluster using an Azure AD authentication token. You can also configure Kubernetes role-based access control (Kubernetes RBAC) to limit access to cluster resources based a user's identity or group membership.", "Kubernetes RBAC and AKS help you secure your cluster access and provide only the minimum required permissions to developers and operators.", "", "Managed services", "5.6 Centralize Account Management, 6.8 Define and Maintain Role -Based Access Control", "FALSE", "TRUE", "TRUE", "-", "5.6", "5.6, 6.8", "CIS AKS Benchmark", "1.7.0", "2025-04-16", "CIS v8", "Auto Document Extraction Script", "2025-05-19 10:35:40"
"5.5.2", "AKS", "aks_005_cis_5-5-2", "ssphp_use_case_aks_005_cis_5-5-2", "AKS 005 [CIS 5.5.2]", "Use Azure RBAC for Kubernetes Authorization", "Level 2", "L2", "The ability to manage RBAC for Kubernetes resources from Azure gives you the choice to manage RBAC for the cluster resources either using Azure or native Kubernetes mechanisms. When enabled, Azure AD principals will be validated exclusively by Azure RBAC while regular Kubernetes users and service accounts are exclusively validated by Kubernetes RBAC. Azure role-based access control (RBAC) is an authorization system built on Azure Resource Manager that provides fine-grained access management of Azure resources. With Azure RBAC, you create a role definition that outlines the permissions to be applied. You then assign a user or group this role definition via a role assignment for a particular scope. The scope can be an individual resource, a resource group, or acro ss the subscription.", "Today you can already leverage integrated authentication between Azure Active Directory (Azure AD) and AKS. When enabled, this integration allows customers to use Azure AD users, groups, or service principals as subjects in Kubernetes RBAC. This feature fr ees you from having to separately manage user identities and credentials for Kubernetes. However, you still have to set up and manage Azure RBAC and Kubernetes RBAC separately. Azure RBAC for Kubernetes Authorization is an approach that allows for the unif ied management and access control across Azure Resources, AKS, and Kubernetes resources.", "", "Managed services", "4.1 Establish and Maintain a Secure Configuration Process, 6.8 Define and Maintain Role-Based Access Control", "TRUE", "TRUE", "TRUE", "4.1", "4.1", "4.1, 6.8", "CIS AKS Benchmark", "1.7.0", "2025-04-16", "CIS v8", "Auto Document Extraction Script", "2025-05-19 10:35:40"
